"","elements_number","y_component_number","vector_length","temporary_size","load_overlap","threads_number","lws_y","time_per_pixel","row_number","measurement_order","experiment_id","slowdown","method"
"1",6,6,1,4,1,1024,16,1.22460968799545e-10,13283,108,1,1.0511551928136,"GPR"
"2",6,6,1,2,2,256,1,1.17919974204394e-10,17258,47,2,1.01217714049192,"GPR"
"3",6,6,1,2,1,1024,16,1.19644084929894e-10,12727,57,3,1.02697620634826,"GPR"
"4",6,6,1,2,2,256,1,1.17919974204394e-10,17258,56,4,1.01217714049192,"GPR"
"5",6,6,1,4,2,1024,16,1.22014273387987e-10,18743,44,5,1.04732094092038,"GPR"
"6",6,6,1,2,2,1024,1,1.25629960742448e-10,14403,40,6,1.07835653189674,"GPR"
"7",6,6,1,4,2,1024,32,1.28655386741334e-10,21997,83,7,1.10432555925605,"GPR"
"8",6,6,1,2,1,256,1,1.18202032710546e-10,19283,98,8,1.01459821609115,"GPR"
"9",6,6,1,2,2,1024,16,1.20103281224236e-10,13436,110,9,1.03091776073943,"GPR"
"10",6,6,1,2,2,1024,1,1.25629960742448e-10,14403,67,10,1.07835653189674,"GPR"
"11",6,3,2,4,2,1024,2,1.61135947928759e-10,16482,3,11,1.38312549765559,"GPR"
"12",6,6,1,2,2,128,1,1.18258966570151e-10,16588,84,12,1.01508691320631,"GPR"
"13",6,6,1,2,2,256,1,1.17919974204394e-10,17258,56,13,1.01217714049192,"GPR"
"14",6,6,1,2,1,1024,16,1.19644084929894e-10,12727,89,14,1.02697620634826,"GPR"
"15",6,6,1,2,2,1024,8,1.18235071768955e-10,9305,77,15,1.01488180994275,"GPR"
"16",6,6,1,4,1,256,1,1.19886821794317e-10,8697,60,16,1.02905976095368,"GPR"
"17",6,6,1,2,2,256,1,1.17919974204394e-10,17258,107,17,1.01217714049192,"GPR"
"18",6,6,1,4,2,128,1,1.1965589478547e-10,17968,92,18,1.02707757734946,"GPR"
"19",6,6,1,2,1,256,1,1.18202032710546e-10,19283,86,19,1.01459821609115,"GPR"
"20",5,5,1,4,1,256,4,1.21905973842592e-10,12608,19,20,1.04639134163142,"GPR"
"21",6,6,1,2,1,1024,8,1.17642516833282e-10,19494,96,21,1.00979555916616,"GPR"
"22",6,6,1,4,1,1024,16,1.22460968799545e-10,13283,81,22,1.0511551928136,"GPR"
"23",6,6,1,4,1,1024,1,1.25373995702647e-10,19156,96,23,1.0761594320093,"GPR"
"24",6,6,1,2,2,1024,1,1.25629960742448e-10,14403,31,24,1.07835653189674,"GPR"
"25",6,6,1,2,2,1024,1,1.25629960742448e-10,14403,93,25,1.07835653189674,"GPR"
"26",6,6,1,2,2,256,1,1.17919974204394e-10,17258,70,26,1.01217714049192,"GPR"
"27",6,6,1,4,1,1024,1,1.25373995702647e-10,19156,81,27,1.0761594320093,"GPR"
"28",6,6,1,2,2,1024,1,1.25629960742448e-10,14403,51,28,1.07835653189674,"GPR"
"29",6,6,1,2,1,1024,16,1.19644084929894e-10,12727,96,29,1.02697620634826,"GPR"
"30",6,6,1,4,1,1024,16,1.22460968799545e-10,13283,62,30,1.0511551928136,"GPR"
"31",6,6,1,2,2,1024,16,1.20103281224236e-10,13436,75,31,1.03091776073943,"GPR"
"32",6,6,1,2,1,1024,8,1.17642516833282e-10,19494,58,32,1.00979555916616,"GPR"
"33",6,6,1,2,2,256,1,1.17919974204394e-10,17258,79,33,1.01217714049192,"GPR"
"34",6,6,1,4,2,128,1,1.1965589478547e-10,17968,47,34,1.02707757734946,"GPR"
"35",6,6,1,4,1,1024,1,1.25373995702647e-10,19156,102,35,1.0761594320093,"GPR"
"36",6,6,1,2,2,1024,1,1.25629960742448e-10,14403,37,36,1.07835653189674,"GPR"
"37",6,6,1,2,2,256,1,1.17919974204394e-10,17258,79,37,1.01217714049192,"GPR"
"38",6,6,1,4,1,1024,1,1.25373995702647e-10,19156,32,38,1.0761594320093,"GPR"
"39",6,6,1,2,2,256,1,1.17919974204394e-10,17258,112,39,1.01217714049192,"GPR"
"40",6,6,1,4,1,1024,1,1.25373995702647e-10,19156,98,40,1.0761594320093,"GPR"
"41",6,6,1,4,1,128,1,1.21238783742256e-10,9680,75,41,1.04066445293017,"GPR"
"42",6,6,1,4,2,1024,1,1.29667282018423e-10,19245,45,42,1.1130112571198,"GPR"
"43",6,6,1,2,1,1024,8,1.17642516833282e-10,19494,75,43,1.00979555916616,"GPR"
"44",5,5,1,2,2,128,2,1.1896345482486e-10,9883,11,44,1.02113395410818,"GPR"
"45",6,6,1,4,1,256,1,1.19886821794317e-10,8697,45,45,1.02905976095368,"GPR"
"46",6,6,1,2,2,1024,1,1.25629960742448e-10,14403,43,46,1.07835653189674,"GPR"
"47",6,6,1,4,1,1024,1,1.25373995702647e-10,19156,61,47,1.0761594320093,"GPR"
"48",6,6,1,2,1,256,1,1.18202032710546e-10,19283,67,48,1.01459821609115,"GPR"
"49",6,6,1,4,2,1024,16,1.22014273387987e-10,18743,86,49,1.04732094092038,"GPR"
"50",6,6,1,2,2,1024,16,1.20103281224236e-10,13436,90,50,1.03091776073943,"GPR"
"51",6,6,1,4,1,1024,1,1.25373995702647e-10,19156,37,51,1.0761594320093,"GPR"
"52",6,6,1,4,1,1024,1,1.25373995702647e-10,19156,63,52,1.0761594320093,"GPR"
"53",5,5,1,4,1,256,2,1.22388925799567e-10,21363,22,53,1.05053680497726,"GPR"
"54",6,6,1,2,1,1024,16,1.19644084929894e-10,12727,94,54,1.02697620634826,"GPR"
"55",6,6,1,2,2,1024,16,1.20103281224236e-10,13436,96,55,1.03091776073943,"GPR"
"56",6,6,1,2,2,1024,1,1.25629960742448e-10,14403,102,56,1.07835653189674,"GPR"
"57",6,6,1,2,2,1024,1,1.25629960742448e-10,14403,61,57,1.07835653189674,"GPR"
"58",6,6,1,2,1,1024,8,1.17642516833282e-10,19494,72,58,1.00979555916616,"GPR"
"59",6,6,1,2,1,256,2,1.19243458186372e-10,9432,7,59,1.02353738918095,"GPR"
"60",6,6,1,4,1,1024,1,1.25373995702647e-10,19156,93,60,1.0761594320093,"GPR"
"61",6,6,1,2,2,1024,8,1.18235071768955e-10,9305,52,61,1.01488180994275,"GPR"
"62",6,6,1,4,1,1024,1,1.25373995702647e-10,19156,74,62,1.0761594320093,"GPR"
"63",6,6,1,4,1,1024,16,1.22460968799545e-10,13283,98,63,1.0511551928136,"GPR"
"64",6,6,1,4,2,1024,8,1.20170053330998e-10,12448,105,64,1.03149090537029,"GPR"
"65",6,6,1,4,1,1024,1,1.25373995702647e-10,19156,45,65,1.0761594320093,"GPR"
"66",6,6,1,2,1,256,1,1.18202032710546e-10,19283,113,66,1.01459821609115,"GPR"
"67",6,6,1,2,2,256,1,1.17919974204394e-10,17258,101,67,1.01217714049192,"GPR"
"68",6,6,1,4,1,1024,8,1.20545060937111e-10,17594,81,68,1.0347098182727,"GPR"
"69",6,6,1,4,2,1024,16,1.22014273387987e-10,18743,80,69,1.04732094092038,"GPR"
"70",6,6,1,4,2,256,1,1.20016645514951e-10,13669,77,70,1.0301741150163,"GPR"
"71",6,6,1,2,2,256,1,1.17919974204394e-10,17258,50,71,1.01217714049192,"GPR"
"72",6,6,1,2,2,1024,1,1.25629960742448e-10,14403,39,72,1.07835653189674,"GPR"
"73",6,6,1,2,1,1024,8,1.17642516833282e-10,19494,33,73,1.00979555916616,"GPR"
"74",6,6,1,2,2,256,1,1.17919974204394e-10,17258,115,74,1.01217714049192,"GPR"
"75",6,6,1,4,2,128,1,1.1965589478547e-10,17968,97,75,1.02707757734946,"GPR"
"76",6,6,1,2,2,1024,8,1.18235071768955e-10,9305,59,76,1.01488180994275,"GPR"
"77",6,6,1,2,2,256,1,1.17919974204394e-10,17258,72,77,1.01217714049192,"GPR"
"78",6,6,1,4,2,1024,16,1.22014273387987e-10,18743,103,78,1.04732094092038,"GPR"
"79",6,6,1,2,2,1024,1,1.25629960742448e-10,14403,55,79,1.07835653189674,"GPR"
"80",6,6,1,2,2,1024,8,1.18235071768955e-10,9305,59,80,1.01488180994275,"GPR"
"81",6,6,1,2,1,1024,16,1.19644084929894e-10,12727,87,81,1.02697620634826,"GPR"
"82",6,6,1,2,1,1024,8,1.17642516833282e-10,19494,45,82,1.00979555916616,"GPR"
"83",6,6,1,2,2,256,1,1.17919974204394e-10,17258,83,83,1.01217714049192,"GPR"
"84",6,6,1,4,2,1024,16,1.22014273387987e-10,18743,96,84,1.04732094092038,"GPR"
"85",6,6,1,2,1,1024,1,1.28669181117226e-10,19807,67,85,1.10444396457321,"GPR"
"86",6,6,1,2,1,1024,8,1.17642516833282e-10,19494,63,86,1.00979555916616,"GPR"
"87",6,6,1,4,1,256,1,1.19886821794317e-10,8697,37,87,1.02905976095368,"GPR"
"88",6,6,1,4,2,1024,1,1.29667282018423e-10,19245,79,88,1.1130112571198,"GPR"
"89",6,6,1,2,2,256,1,1.17919974204394e-10,17258,49,89,1.01217714049192,"GPR"
"90",6,6,1,2,2,1024,16,1.20103281224236e-10,13436,63,90,1.03091776073943,"GPR"
"91",6,6,1,2,2,1024,1,1.25629960742448e-10,14403,47,91,1.07835653189674,"GPR"
"92",6,6,1,2,2,1024,16,1.20103281224236e-10,13436,69,92,1.03091776073943,"GPR"
"93",6,6,1,4,2,1024,8,1.20170053330998e-10,12448,71,93,1.03149090537029,"GPR"
"94",6,6,1,2,1,1024,16,1.19644084929894e-10,12727,54,94,1.02697620634826,"GPR"
"95",6,6,1,4,1,1024,1,1.25373995702647e-10,19156,82,95,1.0761594320093,"GPR"
"96",6,6,1,2,1,256,1,1.18202032710546e-10,19283,34,96,1.01459821609115,"GPR"
"97",6,6,1,4,2,1024,8,1.20170053330998e-10,12448,76,97,1.03149090537029,"GPR"
"98",6,6,1,2,2,1024,1,1.25629960742448e-10,14403,107,98,1.07835653189674,"GPR"
"99",6,6,1,4,1,1024,1,1.25373995702647e-10,19156,92,99,1.0761594320093,"GPR"
"100",6,6,1,2,2,1024,1,1.25629960742448e-10,14403,87,100,1.07835653189674,"GPR"
"101",6,6,1,4,1,1024,8,1.20545060937111e-10,17594,118,101,1.0347098182727,"GPR"
"102",6,6,1,4,2,1024,16,1.22014273387987e-10,18743,98,102,1.04732094092038,"GPR"
"103",6,6,1,2,1,1024,16,1.19644084929894e-10,12727,110,103,1.02697620634826,"GPR"
"104",6,6,1,4,2,1024,1,1.29667282018423e-10,19245,58,104,1.1130112571198,"GPR"
"105",6,6,1,4,2,256,8,1.19614452797975e-10,14451,15,105,1.02672185616921,"GPR"
"106",6,6,1,4,1,1024,1,1.25373995702647e-10,19156,76,106,1.0761594320093,"GPR"
"107",6,6,1,2,2,256,1,1.17919974204394e-10,17258,103,107,1.01217714049192,"GPR"
"108",6,6,1,2,1,256,1,1.18202032710546e-10,19283,30,108,1.01459821609115,"GPR"
"109",6,6,1,2,2,256,1,1.17919974204394e-10,17258,93,109,1.01217714049192,"GPR"
"110",6,6,1,2,2,256,1,1.17919974204394e-10,17258,68,110,1.01217714049192,"GPR"
"111",6,6,1,2,2,1024,1,1.25629960742448e-10,14403,64,111,1.07835653189674,"GPR"
"112",6,6,1,4,1,1024,16,1.22460968799545e-10,13283,118,112,1.0511551928136,"GPR"
"113",6,6,1,4,1,1024,8,1.20545060937111e-10,17594,107,113,1.0347098182727,"GPR"
"114",6,6,1,2,2,1024,1,1.25629960742448e-10,14403,49,114,1.07835653189674,"GPR"
"115",6,6,1,2,1,256,1,1.18202032710546e-10,19283,83,115,1.01459821609115,"GPR"
"116",6,6,1,2,1,1024,16,1.19644084929894e-10,12727,39,116,1.02697620634826,"GPR"
"117",6,6,1,2,1,256,1,1.18202032710546e-10,19283,42,117,1.01459821609115,"GPR"
"118",5,5,1,4,2,128,2,1.2260596387318e-10,12960,24,118,1.05239977160534,"GPR"
"119",6,6,1,4,1,1024,1,1.25373995702647e-10,19156,61,119,1.0761594320093,"GPR"
"120",6,6,1,2,2,128,1,1.18258966570151e-10,16588,118,120,1.01508691320631,"GPR"
"121",6,6,1,2,1,1024,16,1.19644084929894e-10,12727,117,121,1.02697620634826,"GPR"
"122",6,6,1,2,2,1024,1,1.25629960742448e-10,14403,72,122,1.07835653189674,"GPR"
"123",6,6,1,2,2,1024,8,1.18235071768955e-10,9305,113,123,1.01488180994275,"GPR"
"124",6,6,1,4,1,1024,1,1.25373995702647e-10,19156,66,124,1.0761594320093,"GPR"
"125",6,6,1,2,2,1024,8,1.18235071768955e-10,9305,35,125,1.01488180994275,"GPR"
"126",6,6,1,4,2,1024,16,1.22014273387987e-10,18743,80,126,1.04732094092038,"GPR"
"127",6,6,1,2,2,1024,1,1.25629960742448e-10,14403,74,127,1.07835653189674,"GPR"
"128",6,6,1,2,2,256,1,1.17919974204394e-10,17258,93,128,1.01217714049192,"GPR"
"129",6,6,1,4,1,1024,1,1.25373995702647e-10,19156,43,129,1.0761594320093,"GPR"
"130",6,6,1,2,2,256,1,1.17919974204394e-10,17258,111,130,1.01217714049192,"GPR"
"131",6,6,1,4,1,1024,8,1.20545060937111e-10,17594,101,131,1.0347098182727,"GPR"
"132",6,6,1,2,2,1024,1,1.25629960742448e-10,14403,56,132,1.07835653189674,"GPR"
"133",6,6,1,4,1,1024,16,1.22460968799545e-10,13283,62,133,1.0511551928136,"GPR"
"134",6,6,1,4,1,1024,1,1.25373995702647e-10,19156,76,134,1.0761594320093,"GPR"
"135",6,6,1,2,2,1024,16,1.20103281224236e-10,13436,86,135,1.03091776073943,"GPR"
"136",6,6,1,4,2,1024,16,1.22014273387987e-10,18743,96,136,1.04732094092038,"GPR"
"137",6,6,1,4,1,1024,1,1.25373995702647e-10,19156,33,137,1.0761594320093,"GPR"
"138",6,6,1,2,1,1024,1,1.28669181117226e-10,19807,67,138,1.10444396457321,"GPR"
"139",6,6,1,4,2,1024,16,1.22014273387987e-10,18743,88,139,1.04732094092038,"GPR"
"140",6,6,1,2,1,1024,8,1.17642516833282e-10,19494,100,140,1.00979555916616,"GPR"
"141",6,6,1,4,1,1024,16,1.22460968799545e-10,13283,58,141,1.0511551928136,"GPR"
"142",5,5,1,4,2,512,4,1.23323792879451e-10,13216,1,142,1.05856132409746,"GPR"
"143",6,6,1,4,2,1024,16,1.22014273387987e-10,18743,81,143,1.04732094092038,"GPR"
"144",6,6,1,2,2,1024,16,1.20103281224236e-10,13436,107,144,1.03091776073943,"GPR"
"145",6,6,1,2,2,1024,16,1.20103281224236e-10,13436,81,145,1.03091776073943,"GPR"
"146",6,6,1,2,2,1024,1,1.25629960742448e-10,14403,97,146,1.07835653189674,"GPR"
"147",6,6,1,4,1,1024,1,1.25373995702647e-10,19156,103,147,1.0761594320093,"GPR"
"148",12,6,2,2,2,512,4,1.36418442758031e-10,10116,21,148,1.17096047750018,"GPR"
"149",6,6,1,2,1,1024,16,1.19644084929894e-10,12727,75,149,1.02697620634826,"GPR"
"150",6,6,1,2,2,256,1,1.17919974204394e-10,17258,67,150,1.01217714049192,"GPR"
"151",6,6,1,4,2,1024,16,1.22014273387987e-10,18743,114,151,1.04732094092038,"GPR"
"152",6,6,1,2,1,1024,16,1.19644084929894e-10,12727,105,152,1.02697620634826,"GPR"
"153",6,6,1,4,1,1024,8,1.20545060937111e-10,17594,82,153,1.0347098182727,"GPR"
"154",6,6,1,2,2,128,1,1.18258966570151e-10,16588,101,154,1.01508691320631,"GPR"
"155",6,6,1,4,2,1024,1,1.29667282018423e-10,19245,71,155,1.1130112571198,"GPR"
"156",6,6,1,4,2,1024,16,1.22014273387987e-10,18743,52,156,1.04732094092038,"GPR"
"157",6,6,1,4,1,1024,8,1.20545060937111e-10,17594,59,157,1.0347098182727,"GPR"
"158",6,6,1,4,1,1024,16,1.22460968799545e-10,13283,116,158,1.0511551928136,"GPR"
"159",6,6,1,4,1,1024,1,1.25373995702647e-10,19156,55,159,1.0761594320093,"GPR"
"160",6,6,1,2,2,1024,1,1.25629960742448e-10,14403,3,160,1.07835653189674,"GPR"
"161",6,6,1,2,2,1024,8,1.18235071768955e-10,9305,64,161,1.01488180994275,"GPR"
"162",6,6,1,4,2,1024,8,1.20170053330998e-10,12448,57,162,1.03149090537029,"GPR"
"163",6,6,1,2,2,1024,1,1.25629960742448e-10,14403,61,163,1.07835653189674,"GPR"
"164",2,2,1,4,1,256,1,1.6106228353854e-10,6230,102,164,1.38249319246429,"GPR"
"165",6,6,1,2,2,256,1,1.17919974204394e-10,17258,90,165,1.01217714049192,"GPR"
"166",5,5,1,4,1,256,2,1.22388925799567e-10,21363,12,166,1.05053680497726,"GPR"
"167",6,6,1,2,2,128,1,1.18258966570151e-10,16588,42,167,1.01508691320631,"GPR"
"168",6,6,1,2,1,128,1,1.19599215511143e-10,17604,3,168,1.02659106549089,"GPR"
"169",6,6,1,4,2,1024,16,1.22014273387987e-10,18743,70,169,1.04732094092038,"GPR"
"170",5,5,1,2,2,128,4,1.23513687334701e-10,11307,22,170,1.06019130093562,"GPR"
"171",6,6,1,2,2,256,1,1.17919974204394e-10,17258,77,171,1.01217714049192,"GPR"
"172",6,6,1,2,2,256,1,1.17919974204394e-10,17258,83,172,1.01217714049192,"GPR"
"173",6,6,1,4,1,128,1,1.21238783742256e-10,9680,89,173,1.04066445293017,"GPR"
"174",6,6,1,2,2,256,1,1.17919974204394e-10,17258,48,174,1.01217714049192,"GPR"
"175",6,6,1,2,2,256,1,1.17919974204394e-10,17258,96,175,1.01217714049192,"GPR"
"176",6,6,1,4,1,1024,4,1.18096841715479e-10,16041,19,176,1.01369529933502,"GPR"
"177",6,6,1,2,2,1024,8,1.18235071768955e-10,9305,65,177,1.01488180994275,"GPR"
"178",6,6,1,2,2,1024,1,1.25629960742448e-10,14403,25,178,1.07835653189674,"GPR"
"179",6,6,1,2,1,128,1,1.19599215511143e-10,17604,47,179,1.02659106549089,"GPR"
"180",6,6,1,2,1,1024,16,1.19644084929894e-10,12727,36,180,1.02697620634826,"GPR"
"181",6,6,1,2,1,128,1,1.19599215511143e-10,17604,107,181,1.02659106549089,"GPR"
"182",6,6,1,2,1,1024,16,1.19644084929894e-10,12727,114,182,1.02697620634826,"GPR"
"183",6,6,1,4,2,1024,8,1.20170053330998e-10,12448,71,183,1.03149090537029,"GPR"
"184",6,6,1,4,2,1024,16,1.22014273387987e-10,18743,70,184,1.04732094092038,"GPR"
"185",6,6,1,2,2,1024,1,1.25629960742448e-10,14403,41,185,1.07835653189674,"GPR"
"186",6,6,1,4,2,1024,16,1.22014273387987e-10,18743,101,186,1.04732094092038,"GPR"
"187",6,6,1,4,1,256,1,1.19886821794317e-10,8697,110,187,1.02905976095368,"GPR"
"188",6,6,1,4,2,128,1,1.1965589478547e-10,17968,86,188,1.02707757734946,"GPR"
"189",6,6,1,2,1,256,1,1.18202032710546e-10,19283,107,189,1.01459821609115,"GPR"
"190",6,6,1,4,1,1024,1,1.25373995702647e-10,19156,115,190,1.0761594320093,"GPR"
"191",6,6,1,2,2,1024,2,1.16501321248061e-10,13752,9,191,1,"GPR"
"192",6,6,1,2,2,1024,1,1.25629960742448e-10,14403,114,192,1.07835653189674,"GPR"
"193",6,6,1,2,2,1024,1,1.25629960742448e-10,14403,55,193,1.07835653189674,"GPR"
"194",6,6,1,2,2,1024,1,1.25629960742448e-10,14403,25,194,1.07835653189674,"GPR"
"195",6,3,2,4,2,1024,8,1.54271757008455e-10,17009,18,195,1.32420607213519,"GPR"
"196",6,6,1,2,1,1024,16,1.19644084929894e-10,12727,33,196,1.02697620634826,"GPR"
"197",6,6,1,2,1,1024,16,1.19644084929894e-10,12727,69,197,1.02697620634826,"GPR"
"198",6,6,1,4,1,128,1,1.21238783742256e-10,9680,58,198,1.04066445293017,"GPR"
"199",6,6,1,2,2,1024,4,1.17842155236017e-10,12261,7,199,1.01150917408997,"GPR"
"200",6,6,1,4,2,1024,16,1.22014273387987e-10,18743,117,200,1.04732094092038,"GPR"
"201",6,6,1,2,2,1024,1,1.25629960742448e-10,14403,97,201,1.07835653189674,"GPR"
"202",6,6,1,2,1,1024,16,1.19644084929894e-10,12727,58,202,1.02697620634826,"GPR"
"203",6,6,1,2,2,1024,1,1.25629960742448e-10,14403,97,203,1.07835653189674,"GPR"
"204",6,6,1,2,2,1024,16,1.20103281224236e-10,13436,48,204,1.03091776073943,"GPR"
"205",6,6,1,2,2,1024,1,1.25629960742448e-10,14403,58,205,1.07835653189674,"GPR"
"206",6,6,1,2,1,256,8,1.20906299051561e-10,13911,9,206,1.03781053945405,"GPR"
"207",6,6,1,2,2,1024,8,1.18235071768955e-10,9305,101,207,1.01488180994275,"GPR"
"208",6,6,1,2,2,1024,1,1.25629960742448e-10,14403,109,208,1.07835653189674,"GPR"
"209",6,6,1,4,1,1024,1,1.25373995702647e-10,19156,100,209,1.0761594320093,"GPR"
"210",5,5,1,4,1,1024,8,1.23934836150301e-10,11983,5,210,1.06380627123028,"GPR"
"211",6,6,1,2,1,256,4,1.17149348789584e-10,9843,9,211,1.00556240508331,"GPR"
"212",6,6,1,4,1,1024,1,1.25373995702647e-10,19156,110,212,1.0761594320093,"GPR"
"213",6,6,1,4,2,1024,16,1.22014273387987e-10,18743,86,213,1.04732094092038,"GPR"
"214",6,6,1,2,2,1024,8,1.18235071768955e-10,9305,77,214,1.01488180994275,"GPR"
"215",6,6,1,4,1,1024,16,1.22460968799545e-10,13283,80,215,1.0511551928136,"GPR"
"216",6,6,1,2,1,1024,1,1.28669181117226e-10,19807,37,216,1.10444396457321,"GPR"
"217",6,6,1,4,1,1024,16,1.22460968799545e-10,13283,70,217,1.0511551928136,"GPR"
"218",6,6,1,2,1,256,1,1.18202032710546e-10,19283,93,218,1.01459821609115,"GPR"
"219",6,6,1,2,2,1024,1,1.25629960742448e-10,14403,70,219,1.07835653189674,"GPR"
"220",6,6,1,2,2,1024,1,1.25629960742448e-10,14403,106,220,1.07835653189674,"GPR"
"221",6,6,1,2,2,1024,8,1.18235071768955e-10,9305,107,221,1.01488180994275,"GPR"
"222",6,6,1,2,2,256,1,1.17919974204394e-10,17258,92,222,1.01217714049192,"GPR"
"223",6,6,1,4,2,1024,1,1.29667282018423e-10,19245,104,223,1.1130112571198,"GPR"
"224",6,6,1,2,2,1024,16,1.20103281224236e-10,13436,65,224,1.03091776073943,"GPR"
"225",6,6,1,2,1,1024,1,1.28669181117226e-10,19807,31,225,1.10444396457321,"GPR"
"226",6,6,1,4,1,1024,16,1.22460968799545e-10,13283,114,226,1.0511551928136,"GPR"
"227",6,6,1,4,1,1024,8,1.20545060937111e-10,17594,106,227,1.0347098182727,"GPR"
"228",6,6,1,2,2,1024,1,1.25629960742448e-10,14403,32,228,1.07835653189674,"GPR"
"229",6,6,1,4,2,1024,16,1.22014273387987e-10,18743,46,229,1.04732094092038,"GPR"
"230",6,6,1,2,2,1024,1,1.25629960742448e-10,14403,85,230,1.07835653189674,"GPR"
"231",6,6,1,2,1,1024,16,1.19644084929894e-10,12727,81,231,1.02697620634826,"GPR"
"232",6,6,1,2,1,256,8,1.20906299051561e-10,13911,2,232,1.03781053945405,"GPR"
"233",6,6,1,4,1,1024,1,1.25373995702647e-10,19156,43,233,1.0761594320093,"GPR"
"234",5,5,1,2,1,1024,4,1.23941384284205e-10,15438,10,234,1.0638624777508,"GPR"
"235",6,6,1,4,1,1024,1,1.25373995702647e-10,19156,49,235,1.0761594320093,"GPR"
"236",6,6,1,2,1,256,1,1.18202032710546e-10,19283,52,236,1.01459821609115,"GPR"
"237",6,6,1,2,2,1024,16,1.20103281224236e-10,13436,71,237,1.03091776073943,"GPR"
"238",6,6,1,2,2,1024,1,1.25629960742448e-10,14403,115,238,1.07835653189674,"GPR"
"239",6,6,1,4,1,1024,1,1.25373995702647e-10,19156,79,239,1.0761594320093,"GPR"
"240",6,6,1,2,2,256,1,1.17919974204394e-10,17258,60,240,1.01217714049192,"GPR"
"241",6,6,1,2,1,1024,16,1.19644084929894e-10,12727,51,241,1.02697620634826,"GPR"
"242",6,6,1,4,1,1024,1,1.25373995702647e-10,19156,91,242,1.0761594320093,"GPR"
"243",6,6,1,4,1,1024,1,1.25373995702647e-10,19156,97,243,1.0761594320093,"GPR"
"244",6,6,1,2,2,1024,1,1.25629960742448e-10,14403,54,244,1.07835653189674,"GPR"
"245",6,6,1,4,1,1024,1,1.25373995702647e-10,19156,45,245,1.0761594320093,"GPR"
"246",6,6,1,4,2,128,1,1.1965589478547e-10,17968,91,246,1.02707757734946,"GPR"
"247",6,6,1,2,2,1024,16,1.20103281224236e-10,13436,55,247,1.03091776073943,"GPR"
"248",6,6,1,2,2,128,1,1.18258966570151e-10,16588,83,248,1.01508691320631,"GPR"
"249",6,6,1,4,1,1024,1,1.25373995702647e-10,19156,58,249,1.0761594320093,"GPR"
"250",6,6,1,2,2,1024,1,1.25629960742448e-10,14403,73,250,1.07835653189674,"GPR"
"251",6,6,1,4,2,1024,16,1.22014273387987e-10,18743,74,251,1.04732094092038,"GPR"
"252",6,6,1,2,2,1024,8,1.18235071768955e-10,9305,114,252,1.01488180994275,"GPR"
"253",6,6,1,4,2,1024,16,1.22014273387987e-10,18743,51,253,1.04732094092038,"GPR"
"254",6,6,1,4,1,1024,16,1.22460968799545e-10,13283,76,254,1.0511551928136,"GPR"
"255",6,6,1,2,2,1024,16,1.20103281224236e-10,13436,82,255,1.03091776073943,"GPR"
"256",6,6,1,2,1,1024,1,1.28669181117226e-10,19807,47,256,1.10444396457321,"GPR"
"257",6,6,1,2,2,1024,16,1.20103281224236e-10,13436,69,257,1.03091776073943,"GPR"
"258",6,6,1,2,1,256,1,1.18202032710546e-10,19283,93,258,1.01459821609115,"GPR"
"259",6,6,1,2,2,1024,16,1.20103281224236e-10,13436,58,259,1.03091776073943,"GPR"
"260",6,6,1,4,2,256,1,1.20016645514951e-10,13669,48,260,1.0301741150163,"GPR"
"261",6,6,1,2,2,256,1,1.17919974204394e-10,17258,47,261,1.01217714049192,"GPR"
"262",6,6,1,2,1,1024,8,1.17642516833282e-10,19494,78,262,1.00979555916616,"GPR"
"263",6,6,1,2,1,256,1,1.18202032710546e-10,19283,119,263,1.01459821609115,"GPR"
"264",6,6,1,2,2,1024,8,1.18235071768955e-10,9305,70,264,1.01488180994275,"GPR"
"265",6,6,1,4,2,128,1,1.1965589478547e-10,17968,58,265,1.02707757734946,"GPR"
"266",6,6,1,2,2,256,2,1.1808319494789e-10,21903,11,266,1.01357816102755,"GPR"
"267",6,6,1,4,2,128,1,1.1965589478547e-10,17968,102,267,1.02707757734946,"GPR"
"268",6,6,1,2,2,1024,16,1.20103281224236e-10,13436,65,268,1.03091776073943,"GPR"
"269",6,6,1,2,2,256,1,1.17919974204394e-10,17258,92,269,1.01217714049192,"GPR"
"270",6,6,1,2,2,1024,8,1.18235071768955e-10,9305,76,270,1.01488180994275,"GPR"
"271",6,6,1,2,2,1024,8,1.18235071768955e-10,9305,120,271,1.01488180994275,"GPR"
"272",6,6,1,4,2,1024,16,1.22014273387987e-10,18743,101,272,1.04732094092038,"GPR"
"273",6,6,1,2,1,1024,32,1.30214124849928e-10,19394,53,273,1.11770513376984,"GPR"
"274",6,6,1,2,1,1024,8,1.17642516833282e-10,19494,93,274,1.00979555916616,"GPR"
"275",6,6,1,4,1,128,1,1.21238783742256e-10,9680,42,275,1.04066445293017,"GPR"
"276",6,6,1,2,2,1024,16,1.20103281224236e-10,13436,82,276,1.03091776073943,"GPR"
"277",6,6,1,4,2,1024,16,1.22014273387987e-10,18743,93,277,1.04732094092038,"GPR"
"278",6,6,1,2,1,1024,16,1.19644084929894e-10,12727,104,278,1.02697620634826,"GPR"
"279",6,6,1,4,1,1024,1,1.25373995702647e-10,19156,105,279,1.0761594320093,"GPR"
"280",6,6,1,4,1,1024,1,1.25373995702647e-10,19156,32,280,1.0761594320093,"GPR"
"281",6,6,1,2,2,128,1,1.18258966570151e-10,16588,72,281,1.01508691320631,"GPR"
"282",6,6,1,2,1,1024,16,1.19644084929894e-10,12727,112,282,1.02697620634826,"GPR"
"283",6,6,1,2,1,1024,16,1.19644084929894e-10,12727,74,283,1.02697620634826,"GPR"
"284",6,6,1,4,1,1024,16,1.22460968799545e-10,13283,50,284,1.0511551928136,"GPR"
"285",6,6,1,4,2,1024,16,1.22014273387987e-10,18743,75,285,1.04732094092038,"GPR"
"286",6,6,1,2,1,256,1,1.18202032710546e-10,19283,61,286,1.01459821609115,"GPR"
"287",6,6,1,4,1,1024,16,1.22460968799545e-10,13283,108,287,1.0511551928136,"GPR"
"288",6,6,1,2,2,1024,16,1.20103281224236e-10,13436,78,288,1.03091776073943,"GPR"
"289",6,6,1,4,1,1024,8,1.20545060937111e-10,17594,106,289,1.0347098182727,"GPR"
"290",6,6,1,2,1,256,1,1.18202032710546e-10,19283,52,290,1.01459821609115,"GPR"
"291",6,6,1,4,1,1024,1,1.25373995702647e-10,19156,80,291,1.0761594320093,"GPR"
"292",6,6,1,4,1,1024,1,1.25373995702647e-10,19156,83,292,1.0761594320093,"GPR"
"293",6,6,1,2,1,1024,1,1.28669181117226e-10,19807,91,293,1.10444396457321,"GPR"
"294",6,6,1,2,2,1024,16,1.20103281224236e-10,13436,40,294,1.03091776073943,"GPR"
"295",6,6,1,2,2,1024,1,1.25629960742448e-10,14403,113,295,1.07835653189674,"GPR"
"296",6,6,1,2,2,1024,16,1.20103281224236e-10,13436,75,296,1.03091776073943,"GPR"
"297",6,6,1,4,1,1024,1,1.25373995702647e-10,19156,111,297,1.0761594320093,"GPR"
"298",6,6,1,4,1,1024,1,1.25373995702647e-10,19156,46,298,1.0761594320093,"GPR"
"299",6,6,1,4,1,128,1,1.21238783742256e-10,9680,12,299,1.04066445293017,"GPR"
"300",6,6,1,2,2,1024,16,1.20103281224236e-10,13436,72,300,1.03091776073943,"GPR"
"301",24,6,4,2,1,128,1,1.43447381217966e-10,22487,83,301,1.2312940289538,"GPR"
"302",6,6,1,4,1,1024,8,1.20545060937111e-10,17594,77,302,1.0347098182727,"GPR"
"303",6,6,1,2,2,128,1,1.18258966570151e-10,16588,63,303,1.01508691320631,"GPR"
"304",3,3,1,2,1,512,16,1.38451288126442e-10,3007,1,304,1.18840959607354,"GPR"
"305",6,6,1,4,1,1024,2,1.18717485534039e-10,15493,22,305,1.01902265366809,"GPR"
"306",6,6,1,2,1,1024,16,1.19644084929894e-10,12727,105,306,1.02697620634826,"GPR"
"307",6,6,1,4,1,1024,8,1.20545060937111e-10,17594,51,307,1.0347098182727,"GPR"
"308",6,6,1,4,1,1024,1,1.25373995702647e-10,19156,97,308,1.0761594320093,"GPR"
"309",6,6,1,4,2,1024,16,1.22014273387987e-10,18743,74,309,1.04732094092038,"GPR"
"310",6,6,1,4,2,1024,16,1.22014273387987e-10,18743,111,310,1.04732094092038,"GPR"
"311",6,6,1,2,1,1024,8,1.17642516833282e-10,19494,54,311,1.00979555916616,"GPR"
"312",6,6,1,2,2,256,1,1.17919974204394e-10,17258,117,312,1.01217714049192,"GPR"
"313",6,6,1,2,2,1024,8,1.18235071768955e-10,9305,75,313,1.01488180994275,"GPR"
"314",6,6,1,4,1,1024,1,1.25373995702647e-10,19156,61,314,1.0761594320093,"GPR"
"315",6,6,1,2,2,128,1,1.18258966570151e-10,16588,38,315,1.01508691320631,"GPR"
"316",6,6,1,2,1,1024,1,1.28669181117226e-10,19807,97,316,1.10444396457321,"GPR"
"317",6,6,1,2,2,256,1,1.17919974204394e-10,17258,96,317,1.01217714049192,"GPR"
"318",6,6,1,4,1,1024,16,1.22460968799545e-10,13283,37,318,1.0511551928136,"GPR"
"319",6,6,1,2,2,1024,8,1.18235071768955e-10,9305,2,319,1.01488180994275,"GPR"
"320",6,6,1,4,1,256,1,1.19886821794317e-10,8697,99,320,1.02905976095368,"GPR"
"321",6,6,1,4,1,1024,1,1.25373995702647e-10,19156,91,321,1.0761594320093,"GPR"
"322",6,6,1,4,1,1024,1,1.25373995702647e-10,19156,91,322,1.0761594320093,"GPR"
"323",5,5,1,2,1,1024,8,1.22360757184054e-10,9325,10,323,1.05029501702832,"GPR"
"324",6,6,1,4,2,1024,16,1.22014273387987e-10,18743,56,324,1.04732094092038,"GPR"
"325",6,6,1,4,1,128,1,1.21238783742256e-10,9680,113,325,1.04066445293017,"GPR"
"326",6,6,1,2,1,1024,16,1.19644084929894e-10,12727,111,326,1.02697620634826,"GPR"
"327",6,6,1,2,2,1024,16,1.20103281224236e-10,13436,87,327,1.03091776073943,"GPR"
"328",6,6,1,4,2,1024,8,1.20170053330998e-10,12448,102,328,1.03149090537029,"GPR"
"329",6,6,1,2,2,256,1,1.17919974204394e-10,17258,61,329,1.01217714049192,"GPR"
"330",6,6,1,2,2,256,1,1.17919974204394e-10,17258,54,330,1.01217714049192,"GPR"
"331",6,6,1,2,1,128,1,1.19599215511143e-10,17604,87,331,1.02659106549089,"GPR"
"332",6,6,1,2,1,256,1,1.18202032710546e-10,19283,38,332,1.01459821609115,"GPR"
"333",6,6,1,2,2,256,1,1.17919974204394e-10,17258,69,333,1.01217714049192,"GPR"
"334",6,6,1,2,1,1024,1,1.28669181117226e-10,19807,79,334,1.10444396457321,"GPR"
"335",6,6,1,4,1,1024,1,1.25373995702647e-10,19156,99,335,1.0761594320093,"GPR"
"336",6,6,1,2,2,256,1,1.17919974204394e-10,17258,90,336,1.01217714049192,"GPR"
"337",6,6,1,4,2,128,1,1.1965589478547e-10,17968,90,337,1.02707757734946,"GPR"
"338",6,6,1,4,1,1024,1,1.25373995702647e-10,19156,49,338,1.0761594320093,"GPR"
"339",6,6,1,4,1,1024,16,1.22460968799545e-10,13283,90,339,1.0511551928136,"GPR"
"340",6,6,1,4,1,1024,1,1.25373995702647e-10,19156,52,340,1.0761594320093,"GPR"
"341",6,6,1,4,1,1024,8,1.20545060937111e-10,17594,87,341,1.0347098182727,"GPR"
"342",6,6,1,4,1,1024,32,1.30129748438669e-10,8243,62,342,1.11698088094288,"GPR"
"343",6,6,1,2,2,1024,16,1.20103281224236e-10,13436,90,343,1.03091776073943,"GPR"
"344",6,6,1,2,2,256,1,1.17919974204394e-10,17258,116,344,1.01217714049192,"GPR"
"345",6,6,1,4,1,1024,1,1.25373995702647e-10,19156,60,345,1.0761594320093,"GPR"
"346",6,6,1,2,1,1024,16,1.19644084929894e-10,12727,119,346,1.02697620634826,"GPR"
"347",6,6,1,4,2,128,1,1.1965589478547e-10,17968,96,347,1.02707757734946,"GPR"
"348",6,6,1,2,2,128,1,1.18258966570151e-10,16588,77,348,1.01508691320631,"GPR"
"349",6,6,1,2,1,256,1,1.18202032710546e-10,19283,73,349,1.01459821609115,"GPR"
"350",6,6,1,2,1,1024,8,1.17642516833282e-10,19494,119,350,1.00979555916616,"GPR"
"351",6,6,1,2,2,1024,8,1.18235071768955e-10,9305,120,351,1.01488180994275,"GPR"
"352",6,6,1,2,2,128,1,1.18258966570151e-10,16588,118,352,1.01508691320631,"GPR"
"353",6,6,1,2,2,128,1,1.18258966570151e-10,16588,102,353,1.01508691320631,"GPR"
"354",6,6,1,2,2,256,1,1.17919974204394e-10,17258,91,354,1.01217714049192,"GPR"
"355",6,6,1,2,2,1024,1,1.25629960742448e-10,14403,118,355,1.07835653189674,"GPR"
"356",6,6,1,2,1,1024,16,1.19644084929894e-10,12727,116,356,1.02697620634826,"GPR"
"357",6,6,1,4,2,128,1,1.1965589478547e-10,17968,68,357,1.02707757734946,"GPR"
"358",6,6,1,4,1,1024,1,1.25373995702647e-10,19156,63,358,1.0761594320093,"GPR"
"359",6,6,1,4,1,1024,1,1.25373995702647e-10,19156,92,359,1.0761594320093,"GPR"
"360",6,6,1,2,2,256,1,1.17919974204394e-10,17258,61,360,1.01217714049192,"GPR"
"361",6,6,1,2,2,256,1,1.17919974204394e-10,17258,101,361,1.01217714049192,"GPR"
"362",6,6,1,2,1,1024,1,1.28669181117226e-10,19807,73,362,1.10444396457321,"GPR"
"363",6,6,1,2,1,1024,16,1.19644084929894e-10,12727,90,363,1.02697620634826,"GPR"
"364",6,6,1,2,1,1024,1,1.28669181117226e-10,19807,77,364,1.10444396457321,"GPR"
"365",6,6,1,4,1,1024,1,1.25373995702647e-10,19156,75,365,1.0761594320093,"GPR"
"366",6,6,1,4,2,1024,16,1.22014273387987e-10,18743,66,366,1.04732094092038,"GPR"
"367",6,6,1,2,2,1024,8,1.18235071768955e-10,9305,106,367,1.01488180994275,"GPR"
"368",6,6,1,4,2,1024,8,1.20170053330998e-10,12448,83,368,1.03149090537029,"GPR"
"369",6,6,1,2,2,1024,1,1.25629960742448e-10,14403,61,369,1.07835653189674,"GPR"
"370",6,6,1,2,2,256,1,1.17919974204394e-10,17258,99,370,1.01217714049192,"GPR"
"371",6,6,1,2,2,1024,16,1.20103281224236e-10,13436,46,371,1.03091776073943,"GPR"
"372",6,6,1,2,2,256,1,1.17919974204394e-10,17258,97,372,1.01217714049192,"GPR"
"373",6,6,1,4,1,1024,1,1.25373995702647e-10,19156,55,373,1.0761594320093,"GPR"
"374",6,6,1,2,2,256,1,1.17919974204394e-10,17258,99,374,1.01217714049192,"GPR"
"375",6,6,1,2,2,256,1,1.17919974204394e-10,17258,51,375,1.01217714049192,"GPR"
"376",6,6,1,2,1,1024,8,1.17642516833282e-10,19494,81,376,1.00979555916616,"GPR"
"377",6,6,1,2,1,1024,1,1.28669181117226e-10,19807,73,377,1.10444396457321,"GPR"
"378",6,6,1,4,1,1024,1,1.25373995702647e-10,19156,34,378,1.0761594320093,"GPR"
"379",6,6,1,4,2,256,1,1.20016645514951e-10,13669,82,379,1.0301741150163,"GPR"
"380",4,4,1,4,1,128,1,1.26473347752942e-10,5434,17,380,1.08559582327523,"GPR"
"381",6,6,1,4,2,1024,16,1.22014273387987e-10,18743,53,381,1.04732094092038,"GPR"
"382",6,6,1,4,1,1024,16,1.22460968799545e-10,13283,89,382,1.0511551928136,"GPR"
"383",6,6,1,4,2,1024,8,1.20170053330998e-10,12448,24,383,1.03149090537029,"GPR"
"384",6,6,1,4,1,256,1,1.19886821794317e-10,8697,69,384,1.02905976095368,"GPR"
"385",6,6,1,4,2,1024,16,1.22014273387987e-10,18743,105,385,1.04732094092038,"GPR"
"386",6,6,1,2,2,1024,1,1.25629960742448e-10,14403,83,386,1.07835653189674,"GPR"
"387",6,6,1,4,1,1024,16,1.22460968799545e-10,13283,80,387,1.0511551928136,"GPR"
"388",6,6,1,2,1,256,1,1.18202032710546e-10,19283,86,388,1.01459821609115,"GPR"
"389",6,6,1,4,1,1024,1,1.25373995702647e-10,19156,69,389,1.0761594320093,"GPR"
"390",6,6,1,2,1,128,1,1.19599215511143e-10,17604,52,390,1.02659106549089,"GPR"
"391",6,6,1,4,1,128,4,1.20370127713727e-10,16969,22,391,1.03320826256921,"GPR"
"392",6,6,1,4,1,1024,8,1.20545060937111e-10,17594,99,392,1.0347098182727,"GPR"
"393",6,6,1,2,2,1024,1,1.25629960742448e-10,14403,75,393,1.07835653189674,"GPR"
"394",6,6,1,2,1,1024,16,1.19644084929894e-10,12727,109,394,1.02697620634826,"GPR"
"395",6,6,1,2,1,1024,16,1.19644084929894e-10,12727,98,395,1.02697620634826,"GPR"
"396",6,6,1,2,2,1024,1,1.25629960742448e-10,14403,43,396,1.07835653189674,"GPR"
"397",6,6,1,2,1,1024,8,1.17642516833282e-10,19494,71,397,1.00979555916616,"GPR"
"398",6,6,1,2,1,256,1,1.18202032710546e-10,19283,53,398,1.01459821609115,"GPR"
"399",6,6,1,2,2,1024,8,1.18235071768955e-10,9305,46,399,1.01488180994275,"GPR"
"400",6,6,1,4,1,1024,1,1.25373995702647e-10,19156,32,400,1.0761594320093,"GPR"
"401",6,6,1,4,1,1024,8,1.20545060937111e-10,17594,41,401,1.0347098182727,"GPR"
"402",6,6,1,2,1,1024,16,1.19644084929894e-10,12727,44,402,1.02697620634826,"GPR"
"403",6,6,1,4,2,256,1,1.20016645514951e-10,13669,110,403,1.0301741150163,"GPR"
"404",6,6,1,4,1,1024,1,1.25373995702647e-10,19156,79,404,1.0761594320093,"GPR"
"405",6,6,1,4,1,256,1,1.19886821794317e-10,8697,47,405,1.02905976095368,"GPR"
"406",6,6,1,4,1,1024,1,1.25373995702647e-10,19156,57,406,1.0761594320093,"GPR"
"407",6,6,1,4,1,512,8,1.18483530341257e-10,22635,22,407,1.01701447736352,"GPR"
"408",6,6,1,2,2,1024,2,1.16501321248061e-10,13752,3,408,1,"GPR"
"409",6,6,1,2,2,1024,16,1.20103281224236e-10,13436,72,409,1.03091776073943,"GPR"
"410",6,6,1,2,2,1024,1,1.25629960742448e-10,14403,67,410,1.07835653189674,"GPR"
"411",6,6,1,4,1,1024,1,1.25373995702647e-10,19156,33,411,1.0761594320093,"GPR"
"412",6,6,1,2,2,256,1,1.17919974204394e-10,17258,41,412,1.01217714049192,"GPR"
"413",6,6,1,2,2,1024,1,1.25629960742448e-10,14403,99,413,1.07835653189674,"GPR"
"414",6,6,1,4,2,128,1,1.1965589478547e-10,17968,78,414,1.02707757734946,"GPR"
"415",6,6,1,2,1,1024,16,1.19644084929894e-10,12727,52,415,1.02697620634826,"GPR"
"416",6,6,1,4,1,1024,1,1.25373995702647e-10,19156,92,416,1.0761594320093,"GPR"
"417",6,6,1,2,2,1024,16,1.20103281224236e-10,13436,108,417,1.03091776073943,"GPR"
"418",6,6,1,4,2,1024,16,1.22014273387987e-10,18743,65,418,1.04732094092038,"GPR"
"419",6,6,1,2,2,256,1,1.17919974204394e-10,17258,67,419,1.01217714049192,"GPR"
"420",6,6,1,2,1,1024,16,1.19644084929894e-10,12727,78,420,1.02697620634826,"GPR"
"421",6,6,1,4,1,1024,8,1.20545060937111e-10,17594,78,421,1.0347098182727,"GPR"
"422",6,6,1,4,1,1024,1,1.25373995702647e-10,19156,44,422,1.0761594320093,"GPR"
"423",6,6,1,2,1,1024,1,1.28669181117226e-10,19807,57,423,1.10444396457321,"GPR"
"424",6,6,1,2,1,1024,16,1.19644084929894e-10,12727,50,424,1.02697620634826,"GPR"
"425",6,6,1,4,1,1024,1,1.25373995702647e-10,19156,45,425,1.0761594320093,"GPR"
"426",6,6,1,4,1,1024,1,1.25373995702647e-10,19156,91,426,1.0761594320093,"GPR"
"427",5,5,1,2,1,256,2,1.2127767069891e-10,12829,15,427,1.04099824276395,"GPR"
"428",6,6,1,4,1,1024,1,1.25373995702647e-10,19156,40,428,1.0761594320093,"GPR"
"429",6,6,1,4,1,1024,1,1.25373995702647e-10,19156,57,429,1.0761594320093,"GPR"
"430",6,6,1,2,2,1024,16,1.20103281224236e-10,13436,82,430,1.03091776073943,"GPR"
"431",6,6,1,2,1,1024,16,1.19644084929894e-10,12727,84,431,1.02697620634826,"GPR"
"432",6,6,1,2,1,1024,8,1.17642516833282e-10,19494,113,432,1.00979555916616,"GPR"
"433",6,6,1,2,2,256,1,1.17919974204394e-10,17258,117,433,1.01217714049192,"GPR"
"434",6,6,1,4,1,1024,8,1.20545060937111e-10,17594,65,434,1.0347098182727,"GPR"
"435",6,6,1,4,1,1024,16,1.22460968799545e-10,13283,119,435,1.0511551928136,"GPR"
"436",6,6,1,2,2,1024,1,1.25629960742448e-10,14403,28,436,1.07835653189674,"GPR"
"437",6,6,1,2,2,1024,1,1.25629960742448e-10,14403,38,437,1.07835653189674,"GPR"
"438",6,6,1,2,1,1024,1,1.28669181117226e-10,19807,114,438,1.10444396457321,"GPR"
"439",6,6,1,2,1,1024,8,1.17642516833282e-10,19494,90,439,1.00979555916616,"GPR"
"440",4,4,1,4,2,512,4,1.25569585107033e-10,4359,11,440,1.07783829197664,"GPR"
"441",6,6,1,2,1,1024,8,1.17642516833282e-10,19494,90,441,1.00979555916616,"GPR"
"442",6,6,1,2,2,1024,16,1.20103281224236e-10,13436,90,442,1.03091776073943,"GPR"
"443",6,6,1,4,2,128,1,1.1965589478547e-10,17968,84,443,1.02707757734946,"GPR"
"444",6,6,1,2,2,128,1,1.18258966570151e-10,16588,119,444,1.01508691320631,"GPR"
"445",6,6,1,2,1,256,1,1.18202032710546e-10,19283,75,445,1.01459821609115,"GPR"
"446",6,6,1,4,1,1024,8,1.20545060937111e-10,17594,108,446,1.0347098182727,"GPR"
"447",6,6,1,2,1,1024,1,1.28669181117226e-10,19807,87,447,1.10444396457321,"GPR"
"448",6,6,1,4,2,1024,1,1.29667282018423e-10,19245,80,448,1.1130112571198,"GPR"
"449",6,6,1,4,2,128,1,1.1965589478547e-10,17968,58,449,1.02707757734946,"GPR"
"450",6,6,1,2,1,256,1,1.18202032710546e-10,19283,84,450,1.01459821609115,"GPR"
"451",6,6,1,4,2,1024,8,1.20170053330998e-10,12448,100,451,1.03149090537029,"GPR"
"452",6,6,1,2,2,1024,1,1.25629960742448e-10,14403,37,452,1.07835653189674,"GPR"
"453",6,6,1,4,2,1024,16,1.22014273387987e-10,18743,75,453,1.04732094092038,"GPR"
"454",12,6,2,2,1,128,4,1.3799910498613e-10,9081,22,454,1.18452823974669,"GPR"
"455",6,6,1,4,1,1024,16,1.22460968799545e-10,13283,68,455,1.0511551928136,"GPR"
"456",6,6,1,2,1,1024,16,1.19644084929894e-10,12727,50,456,1.02697620634826,"GPR"
"457",6,6,1,2,2,1024,1,1.25629960742448e-10,14403,63,457,1.07835653189674,"GPR"
"458",6,6,1,4,1,1024,1,1.25373995702647e-10,19156,63,458,1.0761594320093,"GPR"
"459",6,6,1,2,1,1024,16,1.19644084929894e-10,12727,60,459,1.02697620634826,"GPR"
"460",6,6,1,2,2,256,1,1.17919974204394e-10,17258,120,460,1.01217714049192,"GPR"
"461",6,6,1,4,2,1024,8,1.20170053330998e-10,12448,88,461,1.03149090537029,"GPR"
"462",6,6,1,4,1,1024,16,1.22460968799545e-10,13283,66,462,1.0511551928136,"GPR"
"463",6,6,1,4,1,128,1,1.21238783742256e-10,9680,58,463,1.04066445293017,"GPR"
"464",6,6,1,4,2,1024,16,1.22014273387987e-10,18743,93,464,1.04732094092038,"GPR"
"465",6,6,1,2,2,256,1,1.17919974204394e-10,17258,101,465,1.01217714049192,"GPR"
"466",6,6,1,4,1,1024,1,1.25373995702647e-10,19156,67,466,1.0761594320093,"GPR"
"467",6,6,1,2,1,1024,32,1.30214124849928e-10,19394,53,467,1.11770513376984,"GPR"
"468",6,6,1,2,2,256,1,1.17919974204394e-10,17258,111,468,1.01217714049192,"GPR"
"469",6,6,1,2,2,1024,8,1.18235071768955e-10,9305,63,469,1.01488180994275,"GPR"
"470",6,6,1,4,1,1024,1,1.25373995702647e-10,19156,74,470,1.0761594320093,"GPR"
"471",6,6,1,2,2,1024,16,1.20103281224236e-10,13436,107,471,1.03091776073943,"GPR"
"472",6,6,1,4,2,1024,16,1.22014273387987e-10,18743,103,472,1.04732094092038,"GPR"
"473",6,6,1,2,2,256,1,1.17919974204394e-10,17258,36,473,1.01217714049192,"GPR"
"474",6,6,1,4,2,1024,4,1.18152943056837e-10,12719,13,474,1.01417685045184,"GPR"
"475",6,6,1,2,1,1024,16,1.19644084929894e-10,12727,74,475,1.02697620634826,"GPR"
"476",6,6,1,2,2,1024,16,1.20103281224236e-10,13436,77,476,1.03091776073943,"GPR"
"477",6,6,1,2,2,1024,8,1.18235071768955e-10,9305,87,477,1.01488180994275,"GPR"
"478",6,6,1,4,1,1024,1,1.25373995702647e-10,19156,46,478,1.0761594320093,"GPR"
"479",6,6,1,2,1,1024,1,1.28669181117226e-10,19807,79,479,1.10444396457321,"GPR"
"480",6,6,1,2,2,256,1,1.17919974204394e-10,17258,86,480,1.01217714049192,"GPR"
"481",6,6,1,2,2,1024,8,1.18235071768955e-10,9305,35,481,1.01488180994275,"GPR"
"482",6,6,1,2,2,1024,8,1.18235071768955e-10,9305,60,482,1.01488180994275,"GPR"
"483",6,6,1,4,2,128,1,1.1965589478547e-10,17968,74,483,1.02707757734946,"GPR"
"484",6,6,1,4,1,1024,1,1.25373995702647e-10,19156,118,484,1.0761594320093,"GPR"
"485",6,6,1,2,2,1024,8,1.18235071768955e-10,9305,83,485,1.01488180994275,"GPR"
"486",6,6,1,2,2,1024,8,1.18235071768955e-10,9305,101,486,1.01488180994275,"GPR"
"487",6,6,1,2,1,1024,8,1.17642516833282e-10,19494,83,487,1.00979555916616,"GPR"
"488",6,6,1,4,1,1024,16,1.22460968799545e-10,13283,114,488,1.0511551928136,"GPR"
"489",6,6,1,4,1,1024,2,1.18717485534039e-10,15493,52,489,1.01902265366809,"GPR"
"490",6,6,1,2,2,256,1,1.17919974204394e-10,17258,81,490,1.01217714049192,"GPR"
"491",6,6,1,2,2,256,1,1.17919974204394e-10,17258,86,491,1.01217714049192,"GPR"
"492",5,5,1,2,2,512,4,1.180929223999e-10,12450,10,492,1.01366165752275,"GPR"
"493",6,6,1,2,2,1024,16,1.20103281224236e-10,13436,52,493,1.03091776073943,"GPR"
"494",6,6,1,4,1,1024,1,1.25373995702647e-10,19156,61,494,1.0761594320093,"GPR"
"495",6,6,1,4,1,1024,16,1.22460968799545e-10,13283,103,495,1.0511551928136,"GPR"
"496",6,6,1,2,1,1024,8,1.17642516833282e-10,19494,82,496,1.00979555916616,"GPR"
"497",6,6,1,4,2,1024,1,1.29667282018423e-10,19245,70,497,1.1130112571198,"GPR"
"498",6,6,1,4,1,1024,1,1.25373995702647e-10,19156,31,498,1.0761594320093,"GPR"
"499",6,6,1,2,1,1024,8,1.17642516833282e-10,19494,89,499,1.00979555916616,"GPR"
"500",6,6,1,2,1,1024,16,1.19644084929894e-10,12727,71,500,1.02697620634826,"GPR"
"501",6,6,1,2,1,1024,16,1.19644084929894e-10,12727,118,501,1.02697620634826,"GPR"
"502",6,6,1,4,1,1024,1,1.25373995702647e-10,19156,40,502,1.0761594320093,"GPR"
"503",6,6,1,2,2,1024,1,1.25629960742448e-10,14403,40,503,1.07835653189674,"GPR"
"504",6,6,1,2,1,1024,8,1.17642516833282e-10,19494,65,504,1.00979555916616,"GPR"
"505",6,6,1,2,1,1024,8,1.17642516833282e-10,19494,78,505,1.00979555916616,"GPR"
"506",6,6,1,2,2,256,1,1.17919974204394e-10,17258,47,506,1.01217714049192,"GPR"
"507",6,6,1,4,2,128,1,1.1965589478547e-10,17968,43,507,1.02707757734946,"GPR"
"508",6,6,1,2,2,1024,1,1.25629960742448e-10,14403,28,508,1.07835653189674,"GPR"
"509",6,6,1,4,1,1024,8,1.20545060937111e-10,17594,78,509,1.0347098182727,"GPR"
"510",6,6,1,2,1,1024,16,1.19644084929894e-10,12727,57,510,1.02697620634826,"GPR"
"511",6,6,1,4,1,1024,1,1.25373995702647e-10,19156,74,511,1.0761594320093,"GPR"
"512",4,4,1,4,2,256,2,1.24879203669815e-10,1551,17,512,1.07191233826366,"GPR"
"513",6,6,1,2,2,256,1,1.17919974204394e-10,17258,92,513,1.01217714049192,"GPR"
"514",6,6,1,4,1,256,1,1.19886821794317e-10,8697,105,514,1.02905976095368,"GPR"
"515",6,6,1,4,1,1024,32,1.30129748438669e-10,8243,84,515,1.11698088094288,"GPR"
"516",6,6,1,4,1,1024,1,1.25373995702647e-10,19156,103,516,1.0761594320093,"GPR"
"517",4,4,1,4,2,512,8,1.26909617043121e-10,4067,10,517,1.08934058157931,"GPR"
"518",6,6,1,2,1,1024,8,1.17642516833282e-10,19494,89,518,1.00979555916616,"GPR"
"519",6,6,1,4,1,1024,1,1.25373995702647e-10,19156,99,519,1.0761594320093,"GPR"
"520",6,6,1,4,2,1024,16,1.22014273387987e-10,18743,74,520,1.04732094092038,"GPR"
"521",6,6,1,4,1,1024,16,1.22460968799545e-10,13283,87,521,1.0511551928136,"GPR"
"522",6,6,1,4,1,256,1,1.19886821794317e-10,8697,53,522,1.02905976095368,"GPR"
"523",6,6,1,4,1,1024,16,1.22460968799545e-10,13283,117,523,1.0511551928136,"GPR"
"524",6,6,1,4,2,1024,1,1.29667282018423e-10,19245,114,524,1.1130112571198,"GPR"
"525",6,6,1,4,1,1024,1,1.25373995702647e-10,19156,115,525,1.0761594320093,"GPR"
"526",6,6,1,2,1,1024,16,1.19644084929894e-10,12727,65,526,1.02697620634826,"GPR"
"527",6,6,1,2,2,256,1,1.17919974204394e-10,17258,52,527,1.01217714049192,"GPR"
"528",6,6,1,2,2,1024,16,1.20103281224236e-10,13436,111,528,1.03091776073943,"GPR"
"529",6,6,1,2,2,256,1,1.17919974204394e-10,17258,112,529,1.01217714049192,"GPR"
"530",6,6,1,2,2,1024,16,1.20103281224236e-10,13436,78,530,1.03091776073943,"GPR"
"531",6,6,1,2,1,1024,8,1.17642516833282e-10,19494,72,531,1.00979555916616,"GPR"
"532",6,6,1,4,1,1024,1,1.25373995702647e-10,19156,54,532,1.0761594320093,"GPR"
"533",6,6,1,4,1,1024,8,1.20545060937111e-10,17594,59,533,1.0347098182727,"GPR"
"534",6,6,1,2,2,1024,2,1.16501321248061e-10,13752,2,534,1,"GPR"
"535",6,6,1,2,2,1024,1,1.25629960742448e-10,14403,103,535,1.07835653189674,"GPR"
"536",6,6,1,2,2,1024,1,1.25629960742448e-10,14403,51,536,1.07835653189674,"GPR"
"537",6,6,1,2,2,1024,8,1.18235071768955e-10,9305,65,537,1.01488180994275,"GPR"
"538",6,6,1,2,2,128,1,1.18258966570151e-10,16588,52,538,1.01508691320631,"GPR"
"539",6,6,1,4,1,1024,8,1.20545060937111e-10,17594,90,539,1.0347098182727,"GPR"
"540",6,6,1,4,2,128,1,1.1965589478547e-10,17968,64,540,1.02707757734946,"GPR"
"541",6,6,1,4,2,1024,1,1.29667282018423e-10,19245,107,541,1.1130112571198,"GPR"
"542",6,6,1,2,2,1024,8,1.18235071768955e-10,9305,71,542,1.01488180994275,"GPR"
"543",6,6,1,2,2,1024,16,1.20103281224236e-10,13436,77,543,1.03091776073943,"GPR"
"544",3,3,1,4,1,128,1,1.37104351640103e-10,5474,89,544,1.17684804061726,"GPR"
"545",6,6,1,2,1,256,1,1.18202032710546e-10,19283,79,545,1.01459821609115,"GPR"
"546",6,6,1,2,2,1024,8,1.18235071768955e-10,9305,114,546,1.01488180994275,"GPR"
"547",6,6,1,4,1,1024,16,1.22460968799545e-10,13283,115,547,1.0511551928136,"GPR"
"548",6,6,1,4,1,1024,1,1.25373995702647e-10,19156,70,548,1.0761594320093,"GPR"
"549",6,6,1,2,1,256,1,1.18202032710546e-10,19283,116,549,1.01459821609115,"GPR"
"550",6,6,1,2,2,256,1,1.17919974204394e-10,17258,96,550,1.01217714049192,"GPR"
"551",6,6,1,4,1,1024,8,1.20545060937111e-10,17594,107,551,1.0347098182727,"GPR"
"552",6,6,1,2,1,1024,16,1.19644084929894e-10,12727,70,552,1.02697620634826,"GPR"
"553",6,6,1,4,2,1024,16,1.22014273387987e-10,18743,120,553,1.04732094092038,"GPR"
"554",6,6,1,2,2,256,1,1.17919974204394e-10,17258,109,554,1.01217714049192,"GPR"
"555",6,6,1,4,2,128,1,1.1965589478547e-10,17968,43,555,1.02707757734946,"GPR"
"556",6,6,1,2,1,1024,16,1.19644084929894e-10,12727,56,556,1.02697620634826,"GPR"
"557",6,6,1,2,2,256,1,1.17919974204394e-10,17258,84,557,1.01217714049192,"GPR"
"558",6,6,1,2,1,1024,16,1.19644084929894e-10,12727,88,558,1.02697620634826,"GPR"
"559",6,6,1,4,1,1024,8,1.20545060937111e-10,17594,77,559,1.0347098182727,"GPR"
"560",6,6,1,2,2,256,1,1.17919974204394e-10,17258,111,560,1.01217714049192,"GPR"
"561",6,6,1,2,2,1024,16,1.20103281224236e-10,13436,58,561,1.03091776073943,"GPR"
"562",6,6,1,4,2,1024,8,1.20170053330998e-10,12448,75,562,1.03149090537029,"GPR"
"563",6,6,1,2,1,1024,8,1.17642516833282e-10,19494,113,563,1.00979555916616,"GPR"
"564",24,6,2,2,2,128,1,1.42628496494094e-10,20379,56,564,1.22426505524689,"GPR"
"565",6,6,1,2,2,1024,16,1.20103281224236e-10,13436,94,565,1.03091776073943,"GPR"
"566",6,6,1,2,1,128,1,1.19599215511143e-10,17604,102,566,1.02659106549089,"GPR"
"567",6,6,1,2,2,256,1,1.17919974204394e-10,17258,30,567,1.01217714049192,"GPR"
"568",6,6,1,4,1,1024,1,1.25373995702647e-10,19156,40,568,1.0761594320093,"GPR"
"569",6,6,1,4,1,1024,1,1.25373995702647e-10,19156,43,569,1.0761594320093,"GPR"
"570",6,6,1,4,1,128,2,1.18718825467539e-10,8810,21,570,1.01903415511276,"GPR"
"571",6,6,1,4,2,1024,1,1.29667282018423e-10,19245,73,571,1.1130112571198,"GPR"
"572",5,5,1,2,2,512,2,1.19786051216568e-10,12308,23,572,1.02819478726351,"GPR"
"573",6,6,1,4,1,1024,1,1.25373995702647e-10,19156,85,573,1.0761594320093,"GPR"
"574",6,6,1,2,1,1024,8,1.17642516833282e-10,19494,66,574,1.00979555916616,"GPR"
"575",6,6,1,2,2,256,1,1.17919974204394e-10,17258,90,575,1.01217714049192,"GPR"
"576",6,6,1,4,2,256,1,1.20016645514951e-10,13669,95,576,1.0301741150163,"GPR"
"577",6,6,1,2,2,128,1,1.18258966570151e-10,16588,60,577,1.01508691320631,"GPR"
"578",6,6,1,2,2,128,1,1.18258966570151e-10,16588,39,578,1.01508691320631,"GPR"
"579",6,6,1,2,2,1024,1,1.25629960742448e-10,14403,73,579,1.07835653189674,"GPR"
"580",6,6,1,4,1,256,1,1.19886821794317e-10,8697,44,580,1.02905976095368,"GPR"
"581",6,6,1,4,2,1024,16,1.22014273387987e-10,18743,114,581,1.04732094092038,"GPR"
"582",6,6,1,4,1,1024,1,1.25373995702647e-10,19156,36,582,1.0761594320093,"GPR"
"583",6,6,1,4,1,1024,16,1.22460968799545e-10,13283,96,583,1.0511551928136,"GPR"
"584",6,6,1,4,2,1024,16,1.22014273387987e-10,18743,108,584,1.04732094092038,"GPR"
"585",4,4,1,2,2,128,1,1.2777883632919e-10,3933,2,585,1.09680160671411,"GPR"
"586",6,6,1,4,1,1024,1,1.25373995702647e-10,19156,70,586,1.0761594320093,"GPR"
"587",6,6,1,2,2,1024,8,1.18235071768955e-10,9305,81,587,1.01488180994275,"GPR"
"588",6,6,1,2,1,1024,16,1.19644084929894e-10,12727,82,588,1.02697620634826,"GPR"
"589",6,6,1,4,1,256,1,1.19886821794317e-10,8697,52,589,1.02905976095368,"GPR"
"590",6,6,1,2,2,1024,16,1.20103281224236e-10,13436,60,590,1.03091776073943,"GPR"
"591",6,6,1,4,1,1024,1,1.25373995702647e-10,19156,73,591,1.0761594320093,"GPR"
"592",6,6,1,4,1,1024,1,1.25373995702647e-10,19156,42,592,1.0761594320093,"GPR"
"593",6,6,1,4,1,1024,1,1.25373995702647e-10,19156,49,593,1.0761594320093,"GPR"
"594",6,6,1,4,2,1024,16,1.22014273387987e-10,18743,58,594,1.04732094092038,"GPR"
"595",6,6,1,4,1,1024,16,1.22460968799545e-10,13283,49,595,1.0511551928136,"GPR"
"596",6,6,1,2,2,1024,8,1.18235071768955e-10,9305,93,596,1.01488180994275,"GPR"
"597",6,6,1,4,2,1024,8,1.20170053330998e-10,12448,72,597,1.03149090537029,"GPR"
"598",6,6,1,2,1,256,1,1.18202032710546e-10,19283,97,598,1.01459821609115,"GPR"
"599",6,6,1,2,2,256,1,1.17919974204394e-10,17258,118,599,1.01217714049192,"GPR"
"600",6,6,1,2,1,1024,16,1.19644084929894e-10,12727,80,600,1.02697620634826,"GPR"
"601",6,6,1,2,1,1024,8,1.17642516833282e-10,19494,101,601,1.00979555916616,"GPR"
"602",6,6,1,4,1,1024,1,1.25373995702647e-10,19156,99,602,1.0761594320093,"GPR"
"603",6,6,1,2,2,1024,8,1.18235071768955e-10,9305,70,603,1.01488180994275,"GPR"
"604",5,5,1,4,2,256,1,1.21838108445895e-10,7493,11,604,1.04580881264402,"GPR"
"605",6,6,1,4,1,1024,16,1.22460968799545e-10,13283,83,605,1.0511551928136,"GPR"
"606",6,6,1,2,1,256,1,1.18202032710546e-10,19283,120,606,1.01459821609115,"GPR"
"607",6,6,1,4,1,1024,1,1.25373995702647e-10,19156,47,607,1.0761594320093,"GPR"
"608",24,6,4,4,1,128,1,1.43059122228885e-10,10450,48,608,1.22796137156483,"GPR"
"609",6,6,1,4,2,1024,16,1.22014273387987e-10,18743,78,609,1.04732094092038,"GPR"
"610",6,6,1,4,1,1024,1,1.25373995702647e-10,19156,68,610,1.0761594320093,"GPR"
"611",6,6,1,2,2,1024,1,1.25629960742448e-10,14403,81,611,1.07835653189674,"GPR"
"612",6,6,1,2,1,1024,1,1.28669181117226e-10,19807,40,612,1.10444396457321,"GPR"
"613",6,6,1,2,1,1024,8,1.17642516833282e-10,19494,84,613,1.00979555916616,"GPR"
"614",6,6,1,4,1,1024,1,1.25373995702647e-10,19156,43,614,1.0761594320093,"GPR"
"615",6,6,1,2,1,256,1,1.18202032710546e-10,19283,78,615,1.01459821609115,"GPR"
"616",3,3,1,4,1,1024,16,1.44465282170395e-10,7550,120,616,1.2400312770942,"GPR"
"617",6,6,1,2,1,1024,1,1.28669181117226e-10,19807,40,617,1.10444396457321,"GPR"
"618",6,6,1,2,2,128,1,1.18258966570151e-10,16588,94,618,1.01508691320631,"GPR"
"619",6,6,1,2,2,1024,16,1.20103281224236e-10,13436,63,619,1.03091776073943,"GPR"
"620",6,6,1,2,1,256,1,1.18202032710546e-10,19283,107,620,1.01459821609115,"GPR"
"621",6,6,1,4,2,1024,16,1.22014273387987e-10,18743,102,621,1.04732094092038,"GPR"
"622",6,6,1,2,2,1024,16,1.20103281224236e-10,13436,105,622,1.03091776073943,"GPR"
"623",6,6,1,2,2,256,1,1.17919974204394e-10,17258,98,623,1.01217714049192,"GPR"
"624",6,6,1,2,1,128,4,1.17732534790262e-10,14258,10,624,1.01056823672909,"GPR"
"625",6,6,1,2,1,1024,8,1.17642516833282e-10,19494,95,625,1.00979555916616,"GPR"
"626",6,6,1,2,2,128,1,1.18258966570151e-10,16588,101,626,1.01508691320631,"GPR"
"627",6,6,1,2,2,1024,16,1.20103281224236e-10,13436,49,627,1.03091776073943,"GPR"
"628",6,6,1,2,1,1024,8,1.17642516833282e-10,19494,66,628,1.00979555916616,"GPR"
"629",6,6,1,4,1,512,4,1.1888726151874e-10,22752,21,629,1.02047994173043,"GPR"
"630",6,6,1,2,2,1024,16,1.20103281224236e-10,13436,63,630,1.03091776073943,"GPR"
"631",6,6,1,2,2,1024,8,1.18235071768955e-10,9305,69,631,1.01488180994275,"GPR"
"632",6,6,1,2,1,1024,32,1.30214124849928e-10,19394,36,632,1.11770513376984,"GPR"
"633",6,6,1,4,1,1024,1,1.25373995702647e-10,19156,49,633,1.0761594320093,"GPR"
"634",6,6,1,2,2,1024,1,1.25629960742448e-10,14403,118,634,1.07835653189674,"GPR"
"635",6,6,1,2,2,256,1,1.17919974204394e-10,17258,100,635,1.01217714049192,"GPR"
"636",6,6,1,4,1,1024,16,1.22460968799545e-10,13283,110,636,1.0511551928136,"GPR"
"637",6,6,1,4,1,1024,1,1.25373995702647e-10,19156,109,637,1.0761594320093,"GPR"
"638",4,4,1,4,1,1024,2,1.28981619240584e-10,16970,2,638,1.10712580646145,"GPR"
"639",6,6,1,2,2,128,1,1.18258966570151e-10,16588,52,639,1.01508691320631,"GPR"
"640",6,6,1,4,1,1024,1,1.25373995702647e-10,19156,92,640,1.0761594320093,"GPR"
"641",6,6,1,4,1,1024,16,1.22460968799545e-10,13283,82,641,1.0511551928136,"GPR"
"642",6,6,1,2,2,256,2,1.1808319494789e-10,21903,18,642,1.01357816102755,"GPR"
"643",6,6,1,2,2,256,1,1.17919974204394e-10,17258,67,643,1.01217714049192,"GPR"
"644",6,6,1,2,2,1024,8,1.18235071768955e-10,9305,113,644,1.01488180994275,"GPR"
"645",6,6,1,4,2,1024,8,1.20170053330998e-10,12448,106,645,1.03149090537029,"GPR"
"646",6,6,1,2,2,1024,2,1.16501321248061e-10,13752,42,646,1,"GPR"
"647",6,6,1,4,1,1024,8,1.20545060937111e-10,17594,107,647,1.0347098182727,"GPR"
"648",6,6,1,4,2,64,2,1.28769317374291e-10,13941,9,648,1.10530349351239,"GPR"
"649",6,6,1,2,2,1024,8,1.18235071768955e-10,9305,89,649,1.01488180994275,"GPR"
"650",6,6,1,2,1,1024,8,1.17642516833282e-10,19494,88,650,1.00979555916616,"GPR"
"651",6,6,1,2,2,1024,1,1.25629960742448e-10,14403,80,651,1.07835653189674,"GPR"
"652",6,6,1,2,1,1024,1,1.28669181117226e-10,19807,107,652,1.10444396457321,"GPR"
"653",6,6,1,4,1,1024,16,1.22460968799545e-10,13283,110,653,1.0511551928136,"GPR"
"654",6,6,1,2,2,1024,16,1.20103281224236e-10,13436,52,654,1.03091776073943,"GPR"
"655",6,6,1,2,1,1024,8,1.17642516833282e-10,19494,60,655,1.00979555916616,"GPR"
"656",6,6,1,4,1,1024,16,1.22460968799545e-10,13283,58,656,1.0511551928136,"GPR"
"657",6,6,1,2,2,1024,1,1.25629960742448e-10,14403,61,657,1.07835653189674,"GPR"
"658",6,6,1,4,1,1024,1,1.25373995702647e-10,19156,77,658,1.0761594320093,"GPR"
"659",6,6,1,2,2,256,1,1.17919974204394e-10,17258,72,659,1.01217714049192,"GPR"
"660",6,6,1,2,2,1024,16,1.20103281224236e-10,13436,71,660,1.03091776073943,"GPR"
"661",6,6,1,4,1,1024,1,1.25373995702647e-10,19156,54,661,1.0761594320093,"GPR"
"662",6,6,1,2,2,256,1,1.17919974204394e-10,17258,71,662,1.01217714049192,"GPR"
"663",24,6,1,4,1,128,1,1.44226645994673e-10,9162,46,663,1.23798292113423,"GPR"
"664",6,6,1,4,2,1024,8,1.20170053330998e-10,12448,56,664,1.03149090537029,"GPR"
"665",6,6,1,2,2,128,2,1.18080485105728e-10,11332,5,665,1.01355490084361,"GPR"
"666",6,6,1,4,2,128,1,1.1965589478547e-10,17968,74,666,1.02707757734946,"GPR"
"667",6,6,1,4,1,1024,16,1.22460968799545e-10,13283,108,667,1.0511551928136,"GPR"
"668",6,6,1,4,2,1024,16,1.22014273387987e-10,18743,113,668,1.04732094092038,"GPR"
"669",6,6,1,4,2,1024,8,1.20170053330998e-10,12448,75,669,1.03149090537029,"GPR"
"670",6,6,1,4,1,1024,16,1.22460968799545e-10,13283,113,670,1.0511551928136,"GPR"
"671",6,6,1,2,1,1024,8,1.17642516833282e-10,19494,78,671,1.00979555916616,"GPR"
"672",6,6,1,2,2,1024,1,1.25629960742448e-10,14403,37,672,1.07835653189674,"GPR"
"673",6,6,1,4,2,1024,16,1.22014273387987e-10,18743,71,673,1.04732094092038,"GPR"
"674",6,6,1,4,2,1024,16,1.22014273387987e-10,18743,32,674,1.04732094092038,"GPR"
"675",6,6,1,4,1,1024,1,1.25373995702647e-10,19156,40,675,1.0761594320093,"GPR"
"676",6,6,1,4,1,1024,1,1.25373995702647e-10,19156,82,676,1.0761594320093,"GPR"
"677",6,6,1,2,2,256,1,1.17919974204394e-10,17258,76,677,1.01217714049192,"GPR"
"678",6,6,1,4,1,256,2,1.21311258897687e-10,14210,6,678,1.04128655021332,"GPR"
"679",6,6,1,4,1,1024,8,1.20545060937111e-10,17594,53,679,1.0347098182727,"GPR"
"680",6,6,1,2,1,256,1,1.18202032710546e-10,19283,42,680,1.01459821609115,"GPR"
"681",6,6,1,2,1,1024,1,1.28669181117226e-10,19807,35,681,1.10444396457321,"GPR"
"682",6,6,1,4,1,1024,8,1.20545060937111e-10,17594,89,682,1.0347098182727,"GPR"
"683",6,6,1,2,1,1024,1,1.28669181117226e-10,19807,103,683,1.10444396457321,"GPR"
"684",6,6,1,2,2,1024,16,1.20103281224236e-10,13436,80,684,1.03091776073943,"GPR"
"685",6,6,1,4,1,1024,16,1.22460968799545e-10,13283,99,685,1.0511551928136,"GPR"
"686",6,6,1,2,1,256,1,1.18202032710546e-10,19283,76,686,1.01459821609115,"GPR"
"687",6,6,1,2,2,1024,1,1.25629960742448e-10,14403,55,687,1.07835653189674,"GPR"
"688",6,6,1,4,1,1024,1,1.25373995702647e-10,19156,49,688,1.0761594320093,"GPR"
"689",6,6,1,4,1,1024,16,1.22460968799545e-10,13283,82,689,1.0511551928136,"GPR"
"690",6,6,1,4,1,1024,1,1.25373995702647e-10,19156,58,690,1.0761594320093,"GPR"
"691",6,6,1,4,2,1024,1,1.29667282018423e-10,19245,54,691,1.1130112571198,"GPR"
"692",5,5,1,2,2,128,1,1.22082511768545e-10,15664,23,692,1.04790667144968,"GPR"
"693",6,6,1,2,2,256,1,1.17919974204394e-10,17258,101,693,1.01217714049192,"GPR"
"694",6,6,1,2,2,256,1,1.17919974204394e-10,17258,116,694,1.01217714049192,"GPR"
"695",6,6,1,2,2,512,1,1.19115341444505e-10,7602,53,695,1.02243768713042,"GPR"
"696",6,6,1,2,1,1024,16,1.19644084929894e-10,12727,99,696,1.02697620634826,"GPR"
"697",6,6,1,4,2,1024,8,1.20170053330998e-10,12448,96,697,1.03149090537029,"GPR"
"698",6,6,1,2,1,1024,1,1.28669181117226e-10,19807,57,698,1.10444396457321,"GPR"
"699",6,6,1,2,1,1024,16,1.19644084929894e-10,12727,107,699,1.02697620634826,"GPR"
"700",6,6,1,2,2,1024,1,1.25629960742448e-10,14403,31,700,1.07835653189674,"GPR"
"701",6,6,1,2,2,256,1,1.17919974204394e-10,17258,111,701,1.01217714049192,"GPR"
"702",5,5,1,2,2,256,2,1.1931608789437e-10,21351,16,702,1.02416081308053,"GPR"
"703",6,6,1,2,1,1024,16,1.19644084929894e-10,12727,51,703,1.02697620634826,"GPR"
"704",6,6,1,2,1,1024,8,1.17642516833282e-10,19494,81,704,1.00979555916616,"GPR"
"705",6,6,1,2,2,1024,1,1.25629960742448e-10,14403,78,705,1.07835653189674,"GPR"
"706",6,6,1,4,1,1024,1,1.25373995702647e-10,19156,45,706,1.0761594320093,"GPR"
"707",6,6,1,4,1,512,16,1.21819487424608e-10,14459,10,707,1.04564897736415,"GPR"
"708",6,6,1,4,1,1024,32,1.30129748438669e-10,8243,77,708,1.11698088094288,"GPR"
"709",6,6,1,2,2,256,1,1.17919974204394e-10,17258,112,709,1.01217714049192,"GPR"
"710",6,6,1,4,2,1024,16,1.22014273387987e-10,18743,87,710,1.04732094092038,"GPR"
"711",6,6,1,4,1,1024,1,1.25373995702647e-10,19156,80,711,1.0761594320093,"GPR"
"712",6,6,1,4,2,1024,16,1.22014273387987e-10,18743,75,712,1.04732094092038,"GPR"
"713",6,6,1,2,2,128,1,1.18258966570151e-10,16588,108,713,1.01508691320631,"GPR"
"714",5,5,1,2,2,1024,4,1.22095092329485e-10,11038,7,714,1.04801465787253,"GPR"
"715",6,6,1,4,2,1024,1,1.29667282018423e-10,19245,97,715,1.1130112571198,"GPR"
"716",6,6,1,2,2,256,1,1.17919974204394e-10,17258,82,716,1.01217714049192,"GPR"
"717",6,6,1,2,1,256,1,1.18202032710546e-10,19283,55,717,1.01459821609115,"GPR"
"718",6,6,1,2,1,1024,2,1.20524986739671e-10,11920,59,718,1.03453750951924,"GPR"
"719",6,6,1,4,1,1024,8,1.20545060937111e-10,17594,65,719,1.0347098182727,"GPR"
"720",6,6,1,2,2,1024,16,1.20103281224236e-10,13436,72,720,1.03091776073943,"GPR"
"721",6,6,1,4,1,1024,8,1.20545060937111e-10,17594,82,721,1.0347098182727,"GPR"
"722",5,5,1,4,1,1024,2,1.25193376721125e-10,23002,24,722,1.07460907206843,"GPR"
"723",6,6,1,2,2,1024,1,1.25629960742448e-10,14403,103,723,1.07835653189674,"GPR"
"724",6,6,1,4,2,256,1,1.20016645514951e-10,13669,101,724,1.0301741150163,"GPR"
"725",6,6,1,2,2,256,1,1.17919974204394e-10,17258,58,725,1.01217714049192,"GPR"
"726",6,6,1,4,2,1024,8,1.20170053330998e-10,12448,10,726,1.03149090537029,"GPR"
"727",6,6,1,2,2,1024,8,1.18235071768955e-10,9305,66,727,1.01488180994275,"GPR"
"728",6,6,1,4,1,256,1,1.19886821794317e-10,8697,15,728,1.02905976095368,"GPR"
"729",6,6,1,2,2,1024,16,1.20103281224236e-10,13436,57,729,1.03091776073943,"GPR"
"730",6,6,1,2,2,256,1,1.17919974204394e-10,17258,119,730,1.01217714049192,"GPR"
"731",6,6,1,2,2,256,1,1.17919974204394e-10,17258,54,731,1.01217714049192,"GPR"
"732",6,6,1,4,1,1024,16,1.22460968799545e-10,13283,113,732,1.0511551928136,"GPR"
"733",24,6,1,4,2,128,1,1.41490786848524e-10,10638,98,733,1.21449941797015,"GPR"
"734",6,6,1,2,2,256,1,1.17919974204394e-10,17258,53,734,1.01217714049192,"GPR"
"735",6,6,1,2,2,1024,1,1.25629960742448e-10,14403,51,735,1.07835653189674,"GPR"
"736",6,6,1,2,1,128,1,1.19599215511143e-10,17604,81,736,1.02659106549089,"GPR"
"737",6,6,1,2,1,256,1,1.18202032710546e-10,19283,53,737,1.01459821609115,"GPR"
"738",5,5,1,4,2,1024,4,1.22537313322951e-10,14329,22,738,1.05181050317908,"GPR"
"739",6,6,1,4,1,1024,1,1.25373995702647e-10,19156,31,739,1.0761594320093,"GPR"
"740",6,6,1,2,2,256,1,1.17919974204394e-10,17258,118,740,1.01217714049192,"GPR"
"741",6,6,1,4,2,128,1,1.1965589478547e-10,17968,119,741,1.02707757734946,"GPR"
"742",6,6,1,4,1,1024,1,1.25373995702647e-10,19156,35,742,1.0761594320093,"GPR"
"743",6,6,1,4,1,1024,8,1.20545060937111e-10,17594,95,743,1.0347098182727,"GPR"
"744",6,6,1,2,2,1024,8,1.18235071768955e-10,9305,84,744,1.01488180994275,"GPR"
"745",6,6,1,4,2,1024,1,1.29667282018423e-10,19245,92,745,1.1130112571198,"GPR"
"746",6,6,1,2,2,256,1,1.17919974204394e-10,17258,107,746,1.01217714049192,"GPR"
"747",6,6,1,2,2,1024,8,1.18235071768955e-10,9305,44,747,1.01488180994275,"GPR"
"748",6,6,1,4,2,256,1,1.20016645514951e-10,13669,59,748,1.0301741150163,"GPR"
"749",6,6,1,2,2,1024,16,1.20103281224236e-10,13436,78,749,1.03091776073943,"GPR"
"750",6,6,1,2,1,1024,16,1.19644084929894e-10,12727,64,750,1.02697620634826,"GPR"
"751",6,6,1,4,1,1024,1,1.25373995702647e-10,19156,61,751,1.0761594320093,"GPR"
"752",6,6,1,4,1,1024,1,1.25373995702647e-10,19156,49,752,1.0761594320093,"GPR"
"753",6,6,1,2,2,256,1,1.17919974204394e-10,17258,52,753,1.01217714049192,"GPR"
"754",6,6,1,2,2,1024,16,1.20103281224236e-10,13436,71,754,1.03091776073943,"GPR"
"755",6,6,1,4,1,1024,1,1.25373995702647e-10,19156,40,755,1.0761594320093,"GPR"
"756",6,6,1,2,2,1024,1,1.25629960742448e-10,14403,49,756,1.07835653189674,"GPR"
"757",6,6,1,2,2,128,1,1.18258966570151e-10,16588,94,757,1.01508691320631,"GPR"
"758",6,6,1,2,2,256,1,1.17919974204394e-10,17258,57,758,1.01217714049192,"GPR"
"759",6,6,1,4,1,1024,16,1.22460968799545e-10,13283,65,759,1.0511551928136,"GPR"
"760",6,6,1,2,1,128,1,1.19599215511143e-10,17604,77,760,1.02659106549089,"GPR"
"761",6,6,1,2,1,1024,8,1.17642516833282e-10,19494,60,761,1.00979555916616,"GPR"
"762",6,6,1,4,2,1024,16,1.22014273387987e-10,18743,113,762,1.04732094092038,"GPR"
"763",6,6,1,2,2,1024,1,1.25629960742448e-10,14403,52,763,1.07835653189674,"GPR"
"764",6,6,1,4,1,1024,1,1.25373995702647e-10,19156,113,764,1.0761594320093,"GPR"
"765",6,6,1,2,1,256,1,1.18202032710546e-10,19283,75,765,1.01459821609115,"GPR"
"766",6,6,1,4,2,1024,16,1.22014273387987e-10,18743,98,766,1.04732094092038,"GPR"
"767",6,6,1,2,2,128,1,1.18258966570151e-10,16588,41,767,1.01508691320631,"GPR"
"768",6,6,1,2,2,1024,1,1.25629960742448e-10,14403,82,768,1.07835653189674,"GPR"
"769",6,6,1,2,1,1024,16,1.19644084929894e-10,12727,79,769,1.02697620634826,"GPR"
"770",6,6,1,4,1,1024,16,1.22460968799545e-10,13283,62,770,1.0511551928136,"GPR"
"771",6,6,1,4,1,128,1,1.21238783742256e-10,9680,48,771,1.04066445293017,"GPR"
"772",6,6,1,2,2,1024,1,1.25629960742448e-10,14403,99,772,1.07835653189674,"GPR"
"773",6,6,1,2,2,1024,1,1.25629960742448e-10,14403,73,773,1.07835653189674,"GPR"
"774",6,6,1,4,1,256,1,1.19886821794317e-10,8697,104,774,1.02905976095368,"GPR"
"775",6,6,1,2,2,256,1,1.17919974204394e-10,17258,50,775,1.01217714049192,"GPR"
"776",6,6,1,4,1,1024,16,1.22460968799545e-10,13283,88,776,1.0511551928136,"GPR"
"777",6,6,1,4,1,256,1,1.19886821794317e-10,8697,57,777,1.02905976095368,"GPR"
"778",6,6,1,2,2,256,1,1.17919974204394e-10,17258,79,778,1.01217714049192,"GPR"
"779",6,6,1,2,2,1024,4,1.17842155236017e-10,12261,10,779,1.01150917408997,"GPR"
"780",6,6,1,4,1,1024,1,1.25373995702647e-10,19156,89,780,1.0761594320093,"GPR"
"781",6,6,1,2,1,1024,16,1.19644084929894e-10,12727,87,781,1.02697620634826,"GPR"
"782",6,6,1,2,2,1024,32,1.306016079639e-10,18854,57,782,1.12103113136215,"GPR"
"783",6,6,1,2,1,1024,1,1.28669181117226e-10,19807,110,783,1.10444396457321,"GPR"
"784",6,6,1,2,1,256,1,1.18202032710546e-10,19283,76,784,1.01459821609115,"GPR"
"785",6,6,1,2,1,1024,1,1.28669181117226e-10,19807,61,785,1.10444396457321,"GPR"
"786",6,6,1,2,2,1024,16,1.20103281224236e-10,13436,63,786,1.03091776073943,"GPR"
"787",6,6,1,2,1,1024,16,1.19644084929894e-10,12727,107,787,1.02697620634826,"GPR"
"788",6,6,1,4,2,1024,16,1.22014273387987e-10,18743,111,788,1.04732094092038,"GPR"
"789",6,6,1,4,1,1024,1,1.25373995702647e-10,19156,79,789,1.0761594320093,"GPR"
"790",6,6,1,2,1,1024,16,1.19644084929894e-10,12727,61,790,1.02697620634826,"GPR"
"791",6,6,1,4,2,128,1,1.1965589478547e-10,17968,46,791,1.02707757734946,"GPR"
"792",6,6,1,4,1,1024,8,1.20545060937111e-10,17594,2,792,1.0347098182727,"GPR"
"793",6,6,1,2,2,1024,1,1.25629960742448e-10,14403,70,793,1.07835653189674,"GPR"
"794",6,6,1,4,1,1024,16,1.22460968799545e-10,13283,51,794,1.0511551928136,"GPR"
"795",6,6,1,2,2,1024,1,1.25629960742448e-10,14403,49,795,1.07835653189674,"GPR"
"796",6,6,1,4,2,1024,16,1.22014273387987e-10,18743,73,796,1.04732094092038,"GPR"
"797",6,6,1,4,1,1024,16,1.22460968799545e-10,13283,70,797,1.0511551928136,"GPR"
"798",6,6,1,2,1,1024,1,1.28669181117226e-10,19807,39,798,1.10444396457321,"GPR"
"799",6,6,1,2,2,256,1,1.17919974204394e-10,17258,80,799,1.01217714049192,"GPR"
"800",6,6,1,2,1,256,1,1.18202032710546e-10,19283,76,800,1.01459821609115,"GPR"
"801",6,6,1,2,2,1024,16,1.20103281224236e-10,13436,99,801,1.03091776073943,"GPR"
"802",6,6,1,2,2,1024,8,1.18235071768955e-10,9305,71,802,1.01488180994275,"GPR"
"803",6,6,1,4,1,1024,8,1.20545060937111e-10,17594,100,803,1.0347098182727,"GPR"
"804",6,6,1,4,1,256,1,1.19886821794317e-10,8697,96,804,1.02905976095368,"GPR"
"805",6,6,1,2,2,1024,8,1.18235071768955e-10,9305,60,805,1.01488180994275,"GPR"
"806",6,6,1,4,1,1024,1,1.25373995702647e-10,19156,42,806,1.0761594320093,"GPR"
"807",6,6,1,4,1,1024,1,1.25373995702647e-10,19156,101,807,1.0761594320093,"GPR"
"808",5,5,1,2,2,128,2,1.1896345482486e-10,9883,20,808,1.02113395410818,"GPR"
"809",6,6,1,4,2,128,1,1.1965589478547e-10,17968,89,809,1.02707757734946,"GPR"
"810",6,6,1,4,1,1024,1,1.25373995702647e-10,19156,109,810,1.0761594320093,"GPR"
"811",6,6,1,2,2,1024,8,1.18235071768955e-10,9305,102,811,1.01488180994275,"GPR"
"812",6,6,1,2,2,1024,8,1.18235071768955e-10,9305,88,812,1.01488180994275,"GPR"
"813",6,6,1,2,2,1024,1,1.25629960742448e-10,14403,73,813,1.07835653189674,"GPR"
"814",6,6,1,2,2,1024,1,1.25629960742448e-10,14403,92,814,1.07835653189674,"GPR"
"815",6,6,1,2,2,256,1,1.17919974204394e-10,17258,79,815,1.01217714049192,"GPR"
"816",6,6,1,4,1,1024,8,1.20545060937111e-10,17594,46,816,1.0347098182727,"GPR"
"817",6,6,1,2,2,256,1,1.17919974204394e-10,17258,117,817,1.01217714049192,"GPR"
"818",6,6,1,2,2,1024,1,1.25629960742448e-10,14403,104,818,1.07835653189674,"GPR"
"819",6,6,1,4,2,1024,1,1.29667282018423e-10,19245,39,819,1.1130112571198,"GPR"
"820",6,6,1,4,1,1024,1,1.25373995702647e-10,19156,89,820,1.0761594320093,"GPR"
"821",6,6,1,2,2,256,1,1.17919974204394e-10,17258,98,821,1.01217714049192,"GPR"
"822",6,6,1,2,2,1024,1,1.25629960742448e-10,14403,79,822,1.07835653189674,"GPR"
"823",6,6,1,2,2,1024,1,1.25629960742448e-10,14403,35,823,1.07835653189674,"GPR"
"824",6,6,1,2,1,1024,8,1.17642516833282e-10,19494,88,824,1.00979555916616,"GPR"
"825",6,6,1,2,2,1024,1,1.25629960742448e-10,14403,41,825,1.07835653189674,"GPR"
"826",4,4,1,4,1,256,8,1.32007686833327e-10,4097,2,826,1.1331003410017,"GPR"
"827",6,6,1,2,2,1024,8,1.18235071768955e-10,9305,72,827,1.01488180994275,"GPR"
"828",5,5,1,4,1,512,8,1.22080038327934e-10,16879,7,828,1.04788544044058,"GPR"
"829",6,6,1,4,1,1024,1,1.25373995702647e-10,19156,34,829,1.0761594320093,"GPR"
"830",6,6,1,4,1,1024,1,1.25373995702647e-10,19156,85,830,1.0761594320093,"GPR"
"831",6,6,1,2,2,128,1,1.18258966570151e-10,16588,89,831,1.01508691320631,"GPR"
"832",6,6,1,2,2,256,1,1.17919974204394e-10,17258,80,832,1.01217714049192,"GPR"
"833",6,6,1,4,1,1024,1,1.25373995702647e-10,19156,98,833,1.0761594320093,"GPR"
"834",6,6,1,2,2,1024,1,1.25629960742448e-10,14403,113,834,1.07835653189674,"GPR"
"835",6,6,1,2,1,1024,16,1.19644084929894e-10,12727,74,835,1.02697620634826,"GPR"
"836",6,6,1,2,1,1024,8,1.17642516833282e-10,19494,77,836,1.00979555916616,"GPR"
"837",6,6,1,2,1,256,8,1.20906299051561e-10,13911,6,837,1.03781053945405,"GPR"
"838",6,6,1,4,1,1024,8,1.20545060937111e-10,17594,87,838,1.0347098182727,"GPR"
"839",6,6,1,4,1,1024,1,1.25373995702647e-10,19156,89,839,1.0761594320093,"GPR"
"840",6,6,1,2,2,256,1,1.17919974204394e-10,17258,100,840,1.01217714049192,"GPR"
"841",6,6,1,2,1,1024,16,1.19644084929894e-10,12727,80,841,1.02697620634826,"GPR"
"842",6,6,1,4,2,1024,1,1.29667282018423e-10,19245,83,842,1.1130112571198,"GPR"
"843",6,6,1,2,2,1024,8,1.18235071768955e-10,9305,81,843,1.01488180994275,"GPR"
"844",6,6,1,4,1,1024,1,1.25373995702647e-10,19156,109,844,1.0761594320093,"GPR"
"845",6,6,1,2,2,256,1,1.17919974204394e-10,17258,100,845,1.01217714049192,"GPR"
"846",6,6,1,2,1,256,1,1.18202032710546e-10,19283,39,846,1.01459821609115,"GPR"
"847",6,6,1,2,2,256,1,1.17919974204394e-10,17258,70,847,1.01217714049192,"GPR"
"848",6,6,1,2,2,1024,8,1.18235071768955e-10,9305,77,848,1.01488180994275,"GPR"
"849",6,6,1,4,1,1024,1,1.25373995702647e-10,19156,92,849,1.0761594320093,"GPR"
"850",8,4,1,4,1,128,4,1.50427657592532e-10,17453,10,850,1.29120988484099,"GPR"
"851",6,6,1,2,1,1024,16,1.19644084929894e-10,12727,82,851,1.02697620634826,"GPR"
"852",6,6,1,4,1,1024,2,1.18717485534039e-10,15493,54,852,1.01902265366809,"GPR"
"853",6,6,1,2,2,256,1,1.17919974204394e-10,17258,88,853,1.01217714049192,"GPR"
"854",6,6,1,2,2,128,4,1.20030993404934e-10,11085,15,854,1.03029727147349,"GPR"
"855",6,6,1,2,2,256,1,1.17919974204394e-10,17258,61,855,1.01217714049192,"GPR"
"856",6,6,1,4,1,1024,8,1.20545060937111e-10,17594,89,856,1.0347098182727,"GPR"
"857",6,6,1,4,2,1024,16,1.22014273387987e-10,18743,57,857,1.04732094092038,"GPR"
"858",6,6,1,4,1,1024,8,1.20545060937111e-10,17594,45,858,1.0347098182727,"GPR"
"859",6,6,1,4,1,1024,1,1.25373995702647e-10,19156,42,859,1.0761594320093,"GPR"
"860",6,6,1,2,1,1024,1,1.28669181117226e-10,19807,107,860,1.10444396457321,"GPR"
"861",6,6,1,2,2,1024,8,1.18235071768955e-10,9305,78,861,1.01488180994275,"GPR"
"862",6,6,1,4,1,1024,16,1.22460968799545e-10,13283,74,862,1.0511551928136,"GPR"
"863",6,6,1,2,1,1024,16,1.19644084929894e-10,12727,111,863,1.02697620634826,"GPR"
"864",6,6,1,4,1,1024,1,1.25373995702647e-10,19156,41,864,1.0761594320093,"GPR"
"865",6,6,1,2,2,256,1,1.17919974204394e-10,17258,74,865,1.01217714049192,"GPR"
"866",6,6,1,2,1,1024,1,1.28669181117226e-10,19807,66,866,1.10444396457321,"GPR"
"867",6,6,1,4,1,1024,1,1.25373995702647e-10,19156,46,867,1.0761594320093,"GPR"
"868",6,6,1,2,1,1024,8,1.17642516833282e-10,19494,66,868,1.00979555916616,"GPR"
"869",6,6,1,2,1,128,1,1.19599215511143e-10,17604,30,869,1.02659106549089,"GPR"
"870",6,6,1,4,1,1024,16,1.22460968799545e-10,13283,82,870,1.0511551928136,"GPR"
"871",24,6,1,4,2,128,1,1.41490786848524e-10,10638,65,871,1.21449941797015,"GPR"
"872",6,6,1,2,2,1024,1,1.25629960742448e-10,14403,98,872,1.07835653189674,"GPR"
"873",6,6,1,4,1,1024,1,1.25373995702647e-10,19156,49,873,1.0761594320093,"GPR"
"874",6,6,1,2,2,256,1,1.17919974204394e-10,17258,73,874,1.01217714049192,"GPR"
"875",6,6,1,4,2,1024,16,1.22014273387987e-10,18743,98,875,1.04732094092038,"GPR"
"876",6,6,1,2,2,1024,8,1.18235071768955e-10,9305,66,876,1.01488180994275,"GPR"
"877",6,6,1,4,2,1024,8,1.20170053330998e-10,12448,108,877,1.03149090537029,"GPR"
"878",6,6,1,2,2,1024,1,1.25629960742448e-10,14403,118,878,1.07835653189674,"GPR"
"879",6,6,1,2,1,1024,1,1.28669181117226e-10,19807,61,879,1.10444396457321,"GPR"
"880",6,6,1,2,2,1024,1,1.25629960742448e-10,14403,99,880,1.07835653189674,"GPR"
"881",6,6,1,4,2,256,1,1.20016645514951e-10,13669,77,881,1.0301741150163,"GPR"
"882",6,6,1,2,1,1024,16,1.19644084929894e-10,12727,91,882,1.02697620634826,"GPR"
"883",6,6,1,2,2,1024,1,1.25629960742448e-10,14403,113,883,1.07835653189674,"GPR"
"884",6,6,1,4,1,1024,16,1.22460968799545e-10,13283,83,884,1.0511551928136,"GPR"
"885",6,6,1,4,1,1024,16,1.22460968799545e-10,13283,108,885,1.0511551928136,"GPR"
"886",6,6,1,2,2,1024,16,1.20103281224236e-10,13436,117,886,1.03091776073943,"GPR"
"887",6,6,1,4,1,1024,1,1.25373995702647e-10,19156,48,887,1.0761594320093,"GPR"
"888",5,5,1,2,1,128,4,1.18634851028728e-10,10280,20,888,1.01831335265394,"GPR"
"889",6,6,1,2,2,256,8,1.19422931122937e-10,20245,19,889,1.02507791193763,"GPR"
"890",6,6,1,4,1,1024,1,1.25373995702647e-10,19156,51,890,1.0761594320093,"GPR"
"891",6,6,1,2,2,1024,1,1.25629960742448e-10,14403,85,891,1.07835653189674,"GPR"
"892",6,6,1,2,2,1024,1,1.25629960742448e-10,14403,76,892,1.07835653189674,"GPR"
"893",6,6,1,2,2,256,1,1.17919974204394e-10,17258,102,893,1.01217714049192,"GPR"
"894",6,6,1,2,2,1024,1,1.25629960742448e-10,14403,41,894,1.07835653189674,"GPR"
"895",6,6,1,2,2,1024,1,1.25629960742448e-10,14403,55,895,1.07835653189674,"GPR"
"896",6,6,1,2,1,1024,8,1.17642516833282e-10,19494,13,896,1.00979555916616,"GPR"
"897",6,6,1,2,2,1024,1,1.25629960742448e-10,14403,85,897,1.07835653189674,"GPR"
"898",6,6,1,4,1,1024,8,1.20545060937111e-10,17594,89,898,1.0347098182727,"GPR"
"899",6,6,1,2,2,1024,1,1.25629960742448e-10,14403,63,899,1.07835653189674,"GPR"
"900",6,6,1,2,2,1024,1,1.25629960742448e-10,14403,73,900,1.07835653189674,"GPR"
"901",6,6,1,2,1,1024,1,1.28669181117226e-10,19807,32,901,1.10444396457321,"GPR"
"902",6,6,1,2,2,256,1,1.17919974204394e-10,17258,95,902,1.01217714049192,"GPR"
"903",6,6,1,4,2,1024,8,1.20170053330998e-10,12448,96,903,1.03149090537029,"GPR"
"904",6,6,1,2,1,1024,16,1.19644084929894e-10,12727,78,904,1.02697620634826,"GPR"
"905",6,6,1,4,1,1024,1,1.25373995702647e-10,19156,102,905,1.0761594320093,"GPR"
"906",6,6,1,2,1,256,1,1.18202032710546e-10,19283,39,906,1.01459821609115,"GPR"
"907",6,6,1,2,2,256,1,1.17919974204394e-10,17258,116,907,1.01217714049192,"GPR"
"908",6,6,1,2,1,512,16,1.20895909716785e-10,19695,20,908,1.03772136162616,"GPR"
"909",6,6,1,2,1,1024,16,1.19644084929894e-10,12727,83,909,1.02697620634826,"GPR"
"910",4,2,2,2,2,1024,8,1.74376790866456e-10,8863,13,910,1.49677951287061,"GPR"
"911",6,6,1,2,1,128,1,1.19599215511143e-10,17604,110,911,1.02659106549089,"GPR"
"912",6,6,1,4,2,1024,16,1.22014273387987e-10,18743,83,912,1.04732094092038,"GPR"
"913",6,6,1,2,2,1024,16,1.20103281224236e-10,13436,86,913,1.03091776073943,"GPR"
"914",6,6,1,2,2,1024,16,1.20103281224236e-10,13436,108,914,1.03091776073943,"GPR"
"915",6,6,1,2,2,1024,16,1.20103281224236e-10,13436,104,915,1.03091776073943,"GPR"
"916",6,6,1,4,1,1024,1,1.25373995702647e-10,19156,90,916,1.0761594320093,"GPR"
"917",6,6,1,4,1,1024,16,1.22460968799545e-10,13283,57,917,1.0511551928136,"GPR"
"918",6,6,1,4,1,1024,1,1.25373995702647e-10,19156,33,918,1.0761594320093,"GPR"
"919",6,6,1,4,1,1024,16,1.22460968799545e-10,13283,77,919,1.0511551928136,"GPR"
"920",6,6,1,2,1,1024,16,1.19644084929894e-10,12727,76,920,1.02697620634826,"GPR"
"921",6,6,1,4,1,1024,1,1.25373995702647e-10,19156,58,921,1.0761594320093,"GPR"
"922",6,6,1,4,1,1024,16,1.22460968799545e-10,13283,82,922,1.0511551928136,"GPR"
"923",6,6,1,2,1,1024,16,1.19644084929894e-10,12727,67,923,1.02697620634826,"GPR"
"924",6,6,1,2,2,256,1,1.17919974204394e-10,17258,49,924,1.01217714049192,"GPR"
"925",6,6,1,2,1,1024,16,1.19644084929894e-10,12727,39,925,1.02697620634826,"GPR"
"926",6,6,1,2,2,256,1,1.17919974204394e-10,17258,71,926,1.01217714049192,"GPR"
"927",6,6,1,2,2,1024,16,1.20103281224236e-10,13436,109,927,1.03091776073943,"GPR"
"928",6,6,1,4,1,1024,1,1.25373995702647e-10,19156,86,928,1.0761594320093,"GPR"
"929",6,6,1,4,1,1024,1,1.25373995702647e-10,19156,70,929,1.0761594320093,"GPR"
"930",6,6,1,4,2,1024,1,1.29667282018423e-10,19245,43,930,1.1130112571198,"GPR"
"931",6,6,1,4,2,1024,8,1.20170053330998e-10,12448,82,931,1.03149090537029,"GPR"
"932",6,6,1,4,1,256,1,1.19886821794317e-10,8697,44,932,1.02905976095368,"GPR"
"933",6,6,1,2,1,1024,1,1.28669181117226e-10,19807,56,933,1.10444396457321,"GPR"
"934",6,6,1,2,2,1024,1,1.25629960742448e-10,14403,76,934,1.07835653189674,"GPR"
"935",6,6,1,2,1,1024,16,1.19644084929894e-10,12727,75,935,1.02697620634826,"GPR"
"936",6,6,1,2,2,1024,16,1.20103281224236e-10,13436,98,936,1.03091776073943,"GPR"
"937",5,5,1,2,2,1024,4,1.22095092329485e-10,11038,15,937,1.04801465787253,"GPR"
"938",6,6,1,2,1,1024,8,1.17642516833282e-10,19494,69,938,1.00979555916616,"GPR"
"939",6,6,1,4,1,1024,1,1.25373995702647e-10,19156,43,939,1.0761594320093,"GPR"
"940",6,6,1,2,2,256,1,1.17919974204394e-10,17258,34,940,1.01217714049192,"GPR"
"941",5,5,1,4,2,128,1,1.22036931253803e-10,9508,24,941,1.04751542683327,"GPR"
"942",6,6,1,2,2,1024,1,1.25629960742448e-10,14403,65,942,1.07835653189674,"GPR"
"943",6,6,1,4,1,1024,1,1.25373995702647e-10,19156,61,943,1.0761594320093,"GPR"
"944",6,6,1,2,2,1024,8,1.18235071768955e-10,9305,58,944,1.01488180994275,"GPR"
"945",6,6,1,2,2,256,1,1.17919974204394e-10,17258,67,945,1.01217714049192,"GPR"
"946",6,6,1,4,1,256,2,1.21311258897687e-10,14210,1,946,1.04128655021332,"GPR"
"947",6,6,1,2,1,1024,16,1.19644084929894e-10,12727,105,947,1.02697620634826,"GPR"
"948",6,6,1,2,1,64,1,1.27347241011366e-10,18844,21,948,1.09309696788941,"GPR"
"949",6,6,1,2,1,256,1,1.18202032710546e-10,19283,67,949,1.01459821609115,"GPR"
"950",6,6,1,4,1,1024,1,1.25373995702647e-10,19156,40,950,1.0761594320093,"GPR"
"951",6,6,1,4,1,1024,16,1.22460968799545e-10,13283,39,951,1.0511551928136,"GPR"
"952",5,5,1,2,1,512,8,1.1931257630123e-10,11729,23,952,1.02413067099199,"GPR"
"953",6,6,1,4,1,1024,1,1.25373995702647e-10,19156,118,953,1.0761594320093,"GPR"
"954",6,6,1,2,2,1024,1,1.25629960742448e-10,14403,103,954,1.07835653189674,"GPR"
"955",6,6,1,4,2,1024,1,1.29667282018423e-10,19245,43,955,1.1130112571198,"GPR"
"956",6,6,1,4,2,1024,1,1.29667282018423e-10,19245,51,956,1.1130112571198,"GPR"
"957",6,6,1,2,1,256,1,1.18202032710546e-10,19283,65,957,1.01459821609115,"GPR"
"958",6,6,1,2,1,1024,8,1.17642516833282e-10,19494,34,958,1.00979555916616,"GPR"
"959",6,6,1,2,2,1024,1,1.25629960742448e-10,14403,118,959,1.07835653189674,"GPR"
"960",6,6,1,2,2,1024,16,1.20103281224236e-10,13436,54,960,1.03091776073943,"GPR"
"961",6,6,1,2,2,256,1,1.17919974204394e-10,17258,91,961,1.01217714049192,"GPR"
"962",6,6,1,2,2,1024,1,1.25629960742448e-10,14403,43,962,1.07835653189674,"GPR"
"963",6,6,1,2,2,1024,16,1.20103281224236e-10,13436,83,963,1.03091776073943,"GPR"
"964",6,6,1,2,2,1024,16,1.20103281224236e-10,13436,30,964,1.03091776073943,"GPR"
"965",6,6,1,4,2,1024,8,1.20170053330998e-10,12448,112,965,1.03149090537029,"GPR"
"966",6,6,1,4,1,128,2,1.18718825467539e-10,8810,15,966,1.01903415511276,"GPR"
"967",6,6,1,2,2,256,1,1.17919974204394e-10,17258,58,967,1.01217714049192,"GPR"
"968",6,6,1,2,2,256,1,1.17919974204394e-10,17258,74,968,1.01217714049192,"GPR"
"969",6,6,1,2,1,1024,16,1.19644084929894e-10,12727,83,969,1.02697620634826,"GPR"
"970",6,6,1,2,2,256,2,1.1808319494789e-10,21903,20,970,1.01357816102755,"GPR"
"971",6,6,1,2,2,256,1,1.17919974204394e-10,17258,83,971,1.01217714049192,"GPR"
"972",6,6,1,2,2,1024,1,1.25629960742448e-10,14403,93,972,1.07835653189674,"GPR"
"973",6,6,1,4,2,128,1,1.1965589478547e-10,17968,116,973,1.02707757734946,"GPR"
"974",6,6,1,4,2,1024,16,1.22014273387987e-10,18743,96,974,1.04732094092038,"GPR"
"975",6,6,1,2,2,1024,1,1.25629960742448e-10,14403,40,975,1.07835653189674,"GPR"
"976",5,5,1,2,2,1024,1,1.29408475884596e-10,17140,24,976,1.11078977043575,"GPR"
"977",6,6,1,2,2,1024,1,1.25629960742448e-10,14403,96,977,1.07835653189674,"GPR"
"978",6,6,1,4,1,1024,16,1.22460968799545e-10,13283,83,978,1.0511551928136,"GPR"
"979",6,6,1,2,2,1024,16,1.20103281224236e-10,13436,83,979,1.03091776073943,"GPR"
"980",6,6,1,2,2,1024,8,1.18235071768955e-10,9305,72,980,1.01488180994275,"GPR"
"981",6,6,1,4,1,1024,16,1.22460968799545e-10,13283,92,981,1.0511551928136,"GPR"
"982",6,6,1,2,2,256,1,1.17919974204394e-10,17258,91,982,1.01217714049192,"GPR"
"983",6,6,1,4,1,1024,1,1.25373995702647e-10,19156,67,983,1.0761594320093,"GPR"
"984",6,6,1,4,1,256,1,1.19886821794317e-10,8697,97,984,1.02905976095368,"GPR"
"985",6,6,1,4,1,1024,1,1.25373995702647e-10,19156,58,985,1.0761594320093,"GPR"
"986",5,5,1,2,1,512,2,1.19264177349936e-10,9167,10,986,1.02371523406153,"GPR"
"987",6,6,1,4,2,1024,8,1.20170053330998e-10,12448,113,987,1.03149090537029,"GPR"
"988",6,6,1,2,2,1024,1,1.25629960742448e-10,14403,95,988,1.07835653189674,"GPR"
"989",6,6,1,2,2,1024,1,1.25629960742448e-10,14403,97,989,1.07835653189674,"GPR"
"990",6,6,1,4,1,1024,1,1.25373995702647e-10,19156,95,990,1.0761594320093,"GPR"
"991",6,6,1,2,2,1024,1,1.25629960742448e-10,14403,61,991,1.07835653189674,"GPR"
"992",6,6,1,2,1,256,1,1.18202032710546e-10,19283,94,992,1.01459821609115,"GPR"
"993",6,6,1,4,1,1024,1,1.25373995702647e-10,19156,64,993,1.0761594320093,"GPR"
"994",6,6,1,4,1,1024,1,1.25373995702647e-10,19156,52,994,1.0761594320093,"GPR"
"995",6,6,1,2,2,1024,1,1.25629960742448e-10,14403,76,995,1.07835653189674,"GPR"
"996",6,6,1,4,2,1024,8,1.20170053330998e-10,12448,108,996,1.03149090537029,"GPR"
"997",6,6,1,2,1,1024,16,1.19644084929894e-10,12727,56,997,1.02697620634826,"GPR"
"998",6,6,1,4,1,1024,1,1.25373995702647e-10,19156,37,998,1.0761594320093,"GPR"
"999",6,6,1,2,2,128,1,1.18258966570151e-10,16588,98,999,1.01508691320631,"GPR"
"1000",6,6,1,4,1,1024,1,1.25373995702647e-10,19156,61,1000,1.0761594320093,"GPR"
